,number,value,datetime_start,datetime_complete,duration,params_alpha,params_bagging_fraction,params_bagging_freq,params_booster,params_classifier,params_colsample_bytree,params_dct_criterion,params_dct_max_depth,params_eta,params_feature_fraction,params_gamma,params_grow_policy,params_lambda,params_lambda_l1,params_lambda_l2,params_max_depth,params_min_child_samples,params_min_child_weight,params_mlp_activation,params_mlp_solver,params_n_layers,params_n_units_l_0,params_n_units_l_1,params_n_units_l_2,params_n_units_l_3,params_normalize_type,params_num_leaves,params_rate_drop,params_rf_estimator,params_rf_max_depth,params_sample_type,params_skip_drop,params_subsample,params_svc_c,params_svc_kernel,state,best_trial,dev_acc,dev_recall_macro,dev_precision_macro,dev_f1_macro,dev_recall_0,dev_precision_0,dev_f1_0,dev_recall_1,dev_precision_1,dev_f1_1,test_acc,test_recall_macro,test_precision_macro,test_f1_macro,test_recall_0,test_precision_0,test_f1_0,test_recall_1,test_precision_1,test_f1_1
0,0,0.3696969696969697,2023-08-23 17:35:06.067566,2023-08-23 17:35:06.129465,0 days 00:00:00.061899,,,,,SVC,,,,,,,,,,,,,,,,,,,,,,,,,,,,,42.295279713782556,poly,COMPLETE,0.0,,,,,,,,,,,,,,,,,,,,
1,1,0.8308943089430895,2023-08-23 17:35:06.070224,2023-08-23 17:35:06.599124,0 days 00:00:00.528900,,0.4,2.0,,LightGBM,,,,,0.6000000000000001,,,,0.6429009629387789,4.1948568495802525e-08,,60.0,,,,,,,,,,27.0,,,,,,,,,COMPLETE,0.0,,,,,,,,,,,,,,,,,,,,
2,2,0.3696969696969697,2023-08-23 17:35:06.072931,2023-08-23 17:35:21.529813,0 days 00:00:15.456882,,,,,MLPClassifier,,,,,,,,,,,,,,logistic,sgd,2.0,30.0,80.0,,,,,,,,,,,,,COMPLETE,0.0,,,,,,,,,,,,,,,,,,,,
3,3,0.706814425974531,2023-08-23 17:35:06.076288,2023-08-23 17:35:06.401052,0 days 00:00:00.324764,,,,,DecisionTreeClassifier,,log_loss,22.0,,,,,,,,,,,,,,,,,,,,,,,,,,,,COMPLETE,0.0,,,,,,,,,,,,,,,,,,,,
4,4,0.7602005012531328,2023-08-23 17:35:06.079485,2023-08-23 17:35:07.184408,0 days 00:00:01.104923,,,,,RandomForestClassifier,,,,,,,,,,,,,,,,,,,,,,,,32.0,2.0,,,,,,COMPLETE,0.0,,,,,,,,,,,,,,,,,,,,
5,5,0.7602005012531328,2023-08-23 17:35:06.083666,2023-08-23 17:37:33.571111,0 days 00:02:27.487445,,,,,MLPClassifier,,,,,,,,,,,,,,logistic,lbfgs,2.0,100.0,30.0,,,,,,,,,,,,,COMPLETE,0.0,,,,,,,,,,,,,,,,,,,,
6,6,0.7765625,2023-08-23 17:35:06.086284,2023-08-23 17:35:08.767559,0 days 00:00:02.681275,,,,,RandomForestClassifier,,,,,,,,,,,,,,,,,,,,,,,,68.0,3.0,,,,,,COMPLETE,0.0,,,,,,,,,,,,,,,,,,,,
7,7,0.3696969696969697,2023-08-23 17:35:06.095553,2023-08-23 17:35:06.258072,0 days 00:00:00.162519,,,,,SVC,,,,,,,,,,,,,,,,,,,,,,,,,,,,,0.0011591195935773577,rbf,COMPLETE,0.0,,,,,,,,,,,,,,,,,,,,
8,8,0.8227272727272728,2023-08-23 17:35:06.208610,2023-08-23 17:35:06.993310,0 days 00:00:00.784700,,0.7000000000000001,3.0,,LightGBM,,,,,0.8,,,,0.5285146326884518,1.0072308254155029e-06,,100.0,,,,,,,,,,24.0,,,,,,,,,COMPLETE,0.0,,,,,,,,,,,,,,,,,,,,
9,9,0.7674735102556626,2023-08-23 17:35:06.338336,2023-08-23 17:35:07.756693,0 days 00:00:01.418357,3.487199677653238e-07,,,dart,XGBoost,0.38423390836923527,,,9.969815696131685e-07,,0.003044220136554869,lossguide,0.6436842608253365,,,9.0,,5.0,,,,,,,,tree,,9.890087917827647e-08,,,uniform,0.043575650561100576,0.5400919798925752,,,COMPLETE,0.0,,,,,,,,,,,,,,,,,,,,
10,10,0.792533485323454,2023-08-23 17:35:06.498380,2023-08-23 17:35:06.797944,0 days 00:00:00.299564,,,,,DecisionTreeClassifier,,log_loss,5.0,,,,,,,,,,,,,,,,,,,,,,,,,,,,COMPLETE,0.0,,,,,,,,,,,,,,,,,,,,
11,11,0.8079128997764168,2023-08-23 17:35:06.673941,2023-08-23 17:35:08.201640,0 days 00:00:01.527699,,,,,RandomForestClassifier,,,,,,,,,,,,,,,,,,,,,,,,44.0,3.0,,,,,,COMPLETE,0.0,,,,,,,,,,,,,,,,,,,,
12,12,0.6670934699103712,2023-08-23 17:35:06.881957,2023-08-23 17:35:07.071124,0 days 00:00:00.189167,,,,,DecisionTreeClassifier,,log_loss,2.0,,,,,,,,,,,,,,,,,,,,,,,,,,,,COMPLETE,0.0,,,,,,,,,,,,,,,,,,,,
13,13,0.3696969696969697,2023-08-23 17:35:07.133464,2023-08-23 17:35:07.324889,0 days 00:00:00.191425,,,,,SVC,,,,,,,,,,,,,,,,,,,,,,,,,,,,,6.886007353616503,poly,COMPLETE,0.0,,,,,,,,,,,,,,,,,,,,
14,14,0.5384615384615385,2023-08-23 17:35:07.160800,2023-08-23 17:35:07.454113,0 days 00:00:00.293313,,,,,SVC,,,,,,,,,,,,,,,,,,,,,,,,,,,,,40.81455006709626,linear,COMPLETE,0.0,,,,,,,,,,,,,,,,,,,,
15,15,0.7450980392156863,2023-08-23 17:35:07.290775,2023-08-23 17:35:07.527508,0 days 00:00:00.236733,,,,,DecisionTreeClassifier,,gini,3.0,,,,,,,,,,,,,,,,,,,,,,,,,,,,COMPLETE,0.0,,,,,,,,,,,,,,,,,,,,
16,16,0.7986837011227255,2023-08-23 17:35:07.442642,2023-08-23 17:35:07.930061,0 days 00:00:00.487419,8.765535651843063e-07,,,gbtree,XGBoost,0.6877897049580071,,,0.0012725051914118542,,2.558160847183723e-05,lossguide,4.858895885031497e-08,,,7.0,,5.0,,,,,,,,,,,,,,,0.4624432347287238,,,COMPLETE,0.0,,,,,,,,,,,,,,,,,,,,
17,17,0.7621044605413648,2023-08-23 17:35:07.522978,2023-08-23 17:35:08.445067,0 days 00:00:00.922089,0.004307640569239064,,,dart,XGBoost,0.35331194587301684,,,0.00042051262410979737,,0.0005415720332241935,depthwise,6.860573278055837e-05,,,5.0,,4.0,,,,,,,,forest,,0.005936171484542705,,,weighted,2.9163990914057596e-06,0.2756278136938637,,,COMPLETE,0.0,,,,,,,,,,,,,,,,,,,,
18,18,0.8095421686746989,2023-08-23 17:35:07.652604,2023-08-23 17:35:08.999234,0 days 00:00:01.346630,,0.6000000000000001,2.0,,LightGBM,,,,,0.7000000000000001,,,,0.69103544836526,1.0742634592942872e-07,,100.0,,,,,,,,,,11.0,,,,,,,,,COMPLETE,0.0,,,,,,,,,,,,,,,,,,,,
19,19,0.8134264941931829,2023-08-23 17:35:07.867169,2023-08-23 17:35:08.868739,0 days 00:00:01.001570,,0.6000000000000001,2.0,,LightGBM,,,,,0.7000000000000001,,,,0.7802909669888772,1.6872619386847028e-07,,90.0,,,,,,,,,,13.0,,,,,,,,,COMPLETE,0.0,,,,,,,,,,,,,,,,,,,,
20,20,0.8202764976958525,2023-08-23 17:35:08.011095,2023-08-23 17:35:09.086367,0 days 00:00:01.075272,,0.6000000000000001,2.0,,LightGBM,,,,,0.7000000000000001,,,,0.9494788466086583,1.0978728834494153e-07,,90.0,,,,,,,,,,3.0,,,,,,,,,COMPLETE,0.0,,,,,,,,,,,,,,,,,,,,
21,21,0.8215783454060236,2023-08-23 17:35:08.325912,2023-08-23 17:35:09.467390,0 days 00:00:01.141478,,0.6000000000000001,2.0,,LightGBM,,,,,0.7000000000000001,,,,0.8821489434091039,6.829968407081831e-08,,90.0,,,,,,,,,,14.0,,,,,,,,,COMPLETE,0.0,,,,,,,,,,,,,,,,,,,,
22,22,0.8414029736942432,2023-08-23 17:35:08.566939,2023-08-23 17:35:09.679455,0 days 00:00:01.112516,,0.6000000000000001,2.0,,LightGBM,,,,,0.7000000000000001,,,,0.7887875851393427,1.3150357035936827e-07,,100.0,,,,,,,,,,11.0,,,,,,,,,COMPLETE,0.0,,,,,,,,,,,,,,,,,,,,
23,23,0.8320509166904151,2023-08-23 17:35:08.838633,2023-08-23 17:35:09.968604,0 days 00:00:01.129971,,0.6000000000000001,2.0,,LightGBM,,,,,0.7000000000000001,,,,0.380000426993769,9.929132297437849e-08,,90.0,,,,,,,,,,18.0,,,,,,,,,COMPLETE,0.0,,,,,,,,,,,,,,,,,,,,
24,24,0.8414029736942432,2023-08-23 17:35:08.982312,2023-08-23 17:35:10.495418,0 days 00:00:01.513106,,0.7000000000000001,3.0,,LightGBM,,,,,0.7000000000000001,,,,0.8115679198110219,1.5220989909883995e-07,,30.0,,,,,,,,,,31.0,,,,,,,,,COMPLETE,0.0,,,,,,,,,,,,,,,,,,,,
25,25,0.6778939217963609,2023-08-23 17:35:09.098331,2023-08-23 17:37:40.522298,0 days 00:02:31.423967,,,,,MLPClassifier,,,,,,,,,,,,,,logistic,lbfgs,2.0,30.0,100.0,,,,,,,,,,,,,COMPLETE,0.0,,,,,,,,,,,,,,,,,,,,
26,26,0.3696969696969697,2023-08-23 17:35:09.199495,2023-08-23 17:35:26.660246,0 days 00:00:17.460751,,,,,MLPClassifier,,,,,,,,,,,,,,identity,sgd,4.0,90.0,40.0,10.0,30.0,,,,,,,,,,,COMPLETE,0.0,,,,,,,,,,,,,,,,,,,,
27,27,0.7894939759036144,2023-08-23 17:35:09.640898,2023-08-23 17:39:19.244995,0 days 00:04:09.604097,,,,,MLPClassifier,,,,,,,,,,,,,,tanh,lbfgs,4.0,50.0,30.0,90.0,90.0,,,,,,,,,,,COMPLETE,0.0,,,,,,,,,,,,,,,,,,,,
28,28,0.7270341207349081,2023-08-23 17:35:09.839714,2023-08-23 17:38:24.192361,0 days 00:03:14.352647,,,,,MLPClassifier,,,,,,,,,,,,,,relu,lbfgs,3.0,80.0,50.0,100.0,,,,,,,,,,,,COMPLETE,0.0,,,,,,,,,,,,,,,,,,,,
29,29,0.3696969696969697,2023-08-23 17:35:10.100108,2023-08-23 17:36:56.949627,0 days 00:01:46.849519,,,,,MLPClassifier,,,,,,,,,,,,,,tanh,sgd,3.0,30.0,90.0,100.0,,,,,,,,,,,,COMPLETE,0.0,,,,,,,,,,,,,,,,,,,,
30,30,0.6770186335403726,2023-08-23 17:35:10.668251,2023-08-23 17:38:43.503755,0 days 00:03:32.835504,,,,,MLPClassifier,,,,,,,,,,,,,,identity,adam,2.0,30.0,90.0,,,,,,,,,,,,,COMPLETE,0.0,,,,,,,,,,,,,,,,,,,,
31,31,0.8621212121212121,2023-08-23 17:35:21.592282,2023-08-23 17:35:22.619922,0 days 00:00:01.027640,,0.9,3.0,,LightGBM,,,,,0.4,,,,0.0030061337818768734,4.94233565546664e-05,,30.0,,,,,,,,,,104.0,,,,,,,,,COMPLETE,0.0,,,,,,,,,,,,,,,,,,,,
32,32,0.75625,2023-08-23 17:35:22.697588,2023-08-23 17:38:59.267311,0 days 00:03:36.569723,,,,,MLPClassifier,,,,,,,,,,,,,,tanh,lbfgs,4.0,100.0,10.0,30.0,40.0,,,,,,,,,,,COMPLETE,0.0,,,,,,,,,,,,,,,,,,,,
33,33,0.8706838833094214,2023-08-23 17:35:26.762718,2023-08-23 17:35:28.465664,0 days 00:00:01.702946,,1.0,3.0,,LightGBM,,,,,0.4,,,,0.0021958589495208436,8.148906804979782e-05,,20.0,,,,,,,,,,109.0,,,,,,,,,COMPLETE,0.0,,,,,,,,,,,,,,,,,,,,
34,34,0.8715683480573762,2023-08-23 17:35:28.552378,2023-08-23 17:35:30.609091,0 days 00:00:02.056713,,1.0,1.0,,LightGBM,,,,,0.4,,,,0.0018484536096564999,0.00025053916007680536,,10.0,,,,,,,,,,134.0,,,,,,,,,COMPLETE,0.0,,,,,,,,,,,,,,,,,,,,
35,35,0.8621212121212121,2023-08-23 17:35:30.694648,2023-08-23 17:35:32.939120,0 days 00:00:02.244472,,1.0,1.0,,LightGBM,,,,,0.4,,,,0.0010158715585182631,0.0003995352004671402,,10.0,,,,,,,,,,135.0,,,,,,,,,COMPLETE,0.0,,,,,,,,,,,,,,,,,,,,
36,36,0.8518096323738957,2023-08-23 17:35:33.061599,2023-08-23 17:35:35.190008,0 days 00:00:02.128409,,1.0,3.0,,LightGBM,,,,,0.4,,,,0.0008828130834131841,3.419127323873189e-05,,10.0,,,,,,,,,,189.0,,,,,,,,,COMPLETE,0.0,,,,,,,,,,,,,,,,,,,,
37,37,0.675,2023-08-23 17:35:35.455166,2023-08-23 17:36:33.069527,0 days 00:00:57.614361,,,,,MLPClassifier,,,,,,,,,,,,,,tanh,lbfgs,1.0,10.0,,,,,,,,,,,,,,COMPLETE,0.0,,,,,,,,,,,,,,,,,,,,
38,38,0.8621212121212121,2023-08-23 17:36:33.139860,2023-08-23 17:36:35.291628,0 days 00:00:02.151768,,1.0,1.0,,LightGBM,,,,,0.4,,,,0.0014180169455269604,0.0006887578889984474,,10.0,,,,,,,,,,113.0,,,,,,,,,COMPLETE,0.0,,,,,,,,,,,,,,,,,,,,
39,39,0.8612276019824628,2023-08-23 17:36:35.400313,2023-08-23 17:36:36.508000,0 days 00:00:01.107687,,0.9,1.0,,LightGBM,,,,,0.5,,,,0.000864723173879419,0.00011916456019302603,,30.0,,,,,,,,,,117.0,,,,,,,,,COMPLETE,0.0,,,,,,,,,,,,,,,,,,,,
40,40,0.8518096323738957,2023-08-23 17:36:36.587049,2023-08-23 17:36:37.367128,0 days 00:00:00.780079,,0.9,1.0,,LightGBM,,,,,0.4,,,,0.007196220123072878,0.02151017991876443,,30.0,,,,,,,,,,153.0,,,,,,,,,COMPLETE,0.0,,,,,,,,,,,,,,,,,,,,
41,41,0.8621212121212121,2023-08-23 17:36:37.434286,2023-08-23 17:36:38.961894,0 days 00:00:01.527608,,0.9,1.0,,LightGBM,,,,,0.5,,,,1.8284110938879587e-05,0.0003383693970872655,,20.0,,,,,,,,,,86.0,,,,,,,,,COMPLETE,0.0,,,,,,,,,,,,,,,,,,,,
42,42,0.8715683480573762,2023-08-23 17:36:39.051248,2023-08-23 17:36:40.901978,0 days 00:00:01.850730,,1.0,3.0,,LightGBM,,,,,1.0,,,,0.009828774054364834,2.064654010005201e-05,,20.0,,,,,,,,,,74.0,,,,,,,,,COMPLETE,0.0,,,,,,,,,,,,,,,,,,,,
43,43,0.7810526315789473,2023-08-23 17:36:40.961145,2023-08-23 17:40:13.543060,0 days 00:03:32.581915,,,,,MLPClassifier,,,,,,,,,,,,,,relu,adam,4.0,100.0,10.0,100.0,100.0,,,,,,,,,,,COMPLETE,0.0,,,,,,,,,,,,,,,,,,,,
44,44,0.796875,2023-08-23 17:36:57.056018,2023-08-23 17:36:59.424409,0 days 00:00:02.368391,,,,,RandomForestClassifier,,,,,,,,,,,,,,,,,,,,,,,,100.0,32.0,,,,,,COMPLETE,0.0,,,,,,,,,,,,,,,,,,,,
45,45,0.8715683480573762,2023-08-23 17:36:59.513530,2023-08-23 17:37:00.473637,0 days 00:00:00.960107,,0.9,3.0,,LightGBM,,,,,1.0,,,,0.013240613162219654,1.5004221627342644e-05,,50.0,,,,,,,,,,76.0,,,,,,,,,COMPLETE,0.0,,,,,,,,,,,,,,,,,,,,
46,46,0.8518096323738957,2023-08-23 17:37:00.545399,2023-08-23 17:37:01.295361,0 days 00:00:00.749962,,1.0,3.0,,LightGBM,,,,,1.0,,,,0.04085404909525648,1.5147302510621485e-05,,50.0,,,,,,,,,,70.0,,,,,,,,,COMPLETE,0.0,,,,,,,,,,,,,,,,,,,,
47,47,0.5194205070563257,2023-08-23 17:37:01.363971,2023-08-23 17:37:01.509745,0 days 00:00:00.145774,,,,,SVC,,,,,,,,,,,,,,,,,,,,,,,,,,,,,753.2754419656611,rbf,COMPLETE,0.0,,,,,,,,,,,,,,,,,,,,
48,48,0.852705126994618,2023-08-23 17:37:01.602456,2023-08-23 17:37:02.887592,0 days 00:00:01.285136,,0.9,3.0,,LightGBM,,,,,1.0,,,,0.01821518396259523,9.540502721009447e-06,,50.0,,,,,,,,,,77.0,,,,,,,,,COMPLETE,0.0,,,,,,,,,,,,,,,,,,,,
49,49,0.8518096323738957,2023-08-23 17:37:03.037349,2023-08-23 17:37:04.474004,0 days 00:00:01.436655,,0.8,3.0,,LightGBM,,,,,0.9,,,,0.005839386075514065,5.810034119137654e-06,,20.0,,,,,,,,,,94.0,,,,,,,,,COMPLETE,0.0,,,,,,,,,,,,,,,,,,,,
50,50,0.852705126994618,2023-08-23 17:37:04.611286,2023-08-23 17:37:05.573227,0 days 00:00:00.961941,,1.0,3.0,,LightGBM,,,,,0.5,,,,0.00011429039639933482,5.79722193508488e-05,,40.0,,,,,,,,,,58.0,,,,,,,,,COMPLETE,0.0,,,,,,,,,,,,,,,,,,,,
51,51,0.7765625,2023-08-23 17:37:05.678380,2023-08-23 17:37:06.002175,0 days 00:00:00.323795,,,,,RandomForestClassifier,,,,,,,,,,,,,,,,,,,,,,,,14.0,11.0,,,,,,COMPLETE,0.0,,,,,,,,,,,,,,,,,,,,
52,52,0.8621212121212121,2023-08-23 17:37:06.090900,2023-08-23 17:37:07.798811,0 days 00:00:01.707911,,0.9,3.0,,LightGBM,,,,,0.9,,,,0.038773341144432184,9.937516039743072e-05,,20.0,,,,,,,,,,151.0,,,,,,,,,COMPLETE,0.0,,,,,,,,,,,,,,,,,,,,
53,53,0.7293493975903615,2023-08-23 17:37:07.961899,2023-08-23 17:37:08.149350,0 days 00:00:00.187451,,,,,DecisionTreeClassifier,,entropy,14.0,,,,,,,,,,,,,,,,,,,,,,,,,,,,COMPLETE,0.0,,,,,,,,,,,,,,,,,,,,
54,54,0.3696969696969697,2023-08-23 17:37:08.343657,2023-08-23 17:37:08.486008,0 days 00:00:00.142351,0.9396708411880097,,,gblinear,XGBoost,0.9696179746606133,,,,,,,1.0949528962805684e-08,,,,,,,,,,,,,,,,,,,,0.9820387392575031,,,COMPLETE,0.0,,,,,,,,,,,,,,,,,,,,
55,55,0.8518096323738957,2023-08-23 17:37:08.660671,2023-08-23 17:37:09.353749,0 days 00:00:00.693078,,0.8,3.0,,LightGBM,,,,,0.9,,,,0.004307421439280373,3.0784657275027036e-06,,60.0,,,,,,,,,,105.0,,,,,,,,,COMPLETE,0.0,,,,,,,,,,,,,,,,,,,,
56,56,0.3696969696969697,2023-08-23 17:37:09.447403,2023-08-23 17:37:09.657884,0 days 00:00:00.210481,,,,,SVC,,,,,,,,,,,,,,,,,,,,,,,,,,,,,0.09232546567881518,linear,COMPLETE,0.0,,,,,,,,,,,,,,,,,,,,
57,57,0.8715683480573762,2023-08-23 17:37:09.768130,2023-08-23 17:37:11.782499,0 days 00:00:02.014369,,1.0,3.0,,LightGBM,,,,,1.0,,,,2.2856425451605678e-07,2.470956794184876e-05,,20.0,,,,,,,,,,138.0,,,,,,,,,COMPLETE,0.0,,,,,,,,,,,,,,,,,,,,
58,58,0.8612276019824628,2023-08-23 17:37:11.842602,2023-08-23 17:37:13.686906,0 days 00:00:01.844304,,1.0,3.0,,LightGBM,,,,,1.0,,,,1.0913984997730098e-08,3.265778161087438e-05,,20.0,,,,,,,,,,133.0,,,,,,,,,COMPLETE,0.0,,,,,,,,,,,,,,,,,,,,
59,59,0.852705126994618,2023-08-23 17:37:13.745939,2023-08-23 17:37:15.427291,0 days 00:00:01.681352,,1.0,3.0,,LightGBM,,,,,1.0,,,,0.0002002129433499121,2.4974381431575278e-05,,30.0,,,,,,,,,,49.0,,,,,,,,,COMPLETE,0.0,,,,,,,,,,,,,,,,,,,,
60,60,0.8621212121212121,2023-08-23 17:37:15.581478,2023-08-23 17:37:17.346226,0 days 00:00:01.764748,,0.9,3.0,,LightGBM,,,,,0.5,,,,0.015855369947166652,0.00021410025583512633,,10.0,,,,,,,,,,170.0,,,,,,,,,COMPLETE,0.0,,,,,,,,,,,,,,,,,,,,
61,61,0.8715683480573762,2023-08-23 17:37:17.459502,2023-08-23 17:37:18.738363,0 days 00:00:01.278861,,0.8,3.0,,LightGBM,,,,,0.9,,,,0.0022770125807765654,6.691527969627946e-05,,20.0,,,,,,,,,,234.0,,,,,,,,,COMPLETE,0.0,,,,,,,,,,,,,,,,,,,,
62,62,0.8507890961262554,2023-08-23 17:37:18.839410,2023-08-23 17:37:18.976343,0 days 00:00:00.136933,,,,,DecisionTreeClassifier,,gini,8.0,,,,,,,,,,,,,,,,,,,,,,,,,,,,COMPLETE,0.0,,,,,,,,,,,,,,,,,,,,
63,63,0.7856932587577274,2023-08-23 17:37:19.072359,2023-08-23 17:37:19.324013,0 days 00:00:00.251654,3.2382735473952155e-08,,,gbtree,XGBoost,0.2123525137628262,,,0.6738899610860604,,1.4956254904737093e-08,depthwise,0.7194845527823347,,,3.0,,10.0,,,,,,,,,,,,,,,0.8354582117315947,,,COMPLETE,0.0,,,,,,,,,,,,,,,,,,,,
64,64,0.8518096323738957,2023-08-23 17:37:19.448353,2023-08-23 17:37:21.000956,0 days 00:00:01.552603,,0.8,3.0,,LightGBM,,,,,0.9,,,,0.00038873935578213263,0.001076742748288376,,20.0,,,,,,,,,,239.0,,,,,,,,,COMPLETE,0.0,,,,,,,,,,,,,,,,,,,,
65,65,0.8202764976958525,2023-08-23 17:37:21.074617,2023-08-23 17:37:22.672620,0 days 00:00:01.598003,,,,,RandomForestClassifier,,,,,,,,,,,,,,,,,,,,,,,,78.0,9.0,,,,,,COMPLETE,0.0,,,,,,,,,,,,,,,,,,,,
66,66,0.8424242424242425,2023-08-23 17:37:22.775900,2023-08-23 17:37:23.272289,0 days 00:00:00.496389,,0.4,3.0,,LightGBM,,,,,1.0,,,,4.526939498331389e-05,3.2836803145006583e-06,,70.0,,,,,,,,,,255.0,,,,,,,,,COMPLETE,0.0,,,,,,,,,,,,,,,,,,,,
67,67,0.7314203730272597,2023-08-23 17:37:23.385466,2023-08-23 17:40:07.789213,0 days 00:02:44.403747,,,,,MLPClassifier,,,,,,,,,,,,,,relu,adam,4.0,100.0,20.0,50.0,100.0,,,,,,,,,,,COMPLETE,0.0,,,,,,,,,,,,,,,,,,,,
68,68,0.8621212121212121,2023-08-23 17:37:33.647474,2023-08-23 17:37:34.661863,0 days 00:00:01.014389,,1.0,3.0,,LightGBM,,,,,1.0,,,,0.0034311348277249304,7.242039693325443e-05,,40.0,,,,,,,,,,97.0,,,,,,,,,COMPLETE,0.0,,,,,,,,,,,,,,,,,,,,
69,69,0.8320509166904151,2023-08-23 17:37:34.731647,2023-08-23 17:37:36.135669,0 days 00:00:01.404022,,0.9,3.0,,LightGBM,,,,,0.4,,,,0.002399423571183946,2.040289425269574e-05,,20.0,,,,,,,,,,190.0,,,,,,,,,COMPLETE,0.0,,,,,,,,,,,,,,,,,,,,
70,70,0.8612276019824628,2023-08-23 17:37:36.204240,2023-08-23 17:37:38.371552,0 days 00:00:02.167312,,0.8,3.0,,LightGBM,,,,,0.8,,,,0.00906620583144936,0.00011126247346258624,,10.0,,,,,,,,,,123.0,,,,,,,,,COMPLETE,0.0,,,,,,,,,,,,,,,,,,,,
71,71,0.8810522302706825,2023-08-23 17:37:38.435027,2023-08-23 17:37:39.750986,0 days 00:00:01.315959,,1.0,3.0,,LightGBM,,,,,0.6000000000000001,,,,0.0032972503883752207,9.695333144285166e-06,,30.0,,,,,,,,,,65.0,,,,,,,,,COMPLETE,0.0,,,,,,,,,,,,,,,,,,,,
72,72,0.7584204413472706,2023-08-23 17:37:39.814765,2023-08-23 17:39:44.978583,0 days 00:02:05.163818,,,,,MLPClassifier,,,,,,,,,,,,,,relu,adam,4.0,70.0,10.0,60.0,100.0,,,,,,,,,,,COMPLETE,0.0,,,,,,,,,,,,,,,,,,,,
73,73,0.8518096323738957,2023-08-23 17:37:40.613738,2023-08-23 17:37:41.633023,0 days 00:00:01.019285,,1.0,3.0,,LightGBM,,,,,0.6000000000000001,,,,0.00030964111404060973,1.2572355139953835e-05,,40.0,,,,,,,,,,47.0,,,,,,,,,COMPLETE,0.0,,,,,,,,,,,,,,,,,,,,
74,74,0.8612276019824628,2023-08-23 17:37:41.702573,2023-08-23 17:37:43.211127,0 days 00:00:01.508554,,1.0,3.0,,LightGBM,,,,,0.6000000000000001,,,,0.019069851946981013,1.3166659950761756e-06,,20.0,,,,,,,,,,67.0,,,,,,,,,COMPLETE,0.0,,,,,,,,,,,,,,,,,,,,
75,75,0.3696969696969697,2023-08-23 17:37:43.313127,2023-08-23 17:37:43.466661,0 days 00:00:00.153534,,,,,SVC,,,,,,,,,,,,,,,,,,,,,,,,,,,,,0.17922860710352664,linear,COMPLETE,0.0,,,,,,,,,,,,,,,,,,,,
76,76,0.8424242424242425,2023-08-23 17:37:43.573929,2023-08-23 17:37:44.421792,0 days 00:00:00.847863,,1.0,3.0,,LightGBM,,,,,0.8,,,,0.0029976761839666487,6.113229210398941e-06,,70.0,,,,,,,,,,219.0,,,,,,,,,COMPLETE,0.0,,,,,,,,,,,,,,,,,,,,
77,77,0.7332573382730123,2023-08-23 17:37:44.510636,2023-08-23 17:37:44.748789,0 days 00:00:00.238153,,,,,DecisionTreeClassifier,,entropy,32.0,,,,,,,,,,,,,,,,,,,,,,,,,,,,COMPLETE,0.0,,,,,,,,,,,,,,,,,,,,
78,78,0.852705126994618,2023-08-23 17:37:44.829044,2023-08-23 17:37:45.996398,0 days 00:00:01.167354,,0.9,3.0,,LightGBM,,,,,0.9,,,,0.0019387802038333163,4.355839359043279e-05,,30.0,,,,,,,,,,85.0,,,,,,,,,COMPLETE,0.0,,,,,,,,,,,,,,,,,,,,
79,79,0.8715683480573762,2023-08-23 17:37:46.088781,2023-08-23 17:37:47.011167,0 days 00:00:00.922386,,1.0,3.0,,LightGBM,,,,,0.4,,,,0.007115370038590439,1.6260855707635592e-05,,30.0,,,,,,,,,,107.0,,,,,,,,,COMPLETE,0.0,,,,,,,,,,,,,,,,,,,,
80,80,0.8621212121212121,2023-08-23 17:37:47.110582,2023-08-23 17:37:48.898809,0 days 00:00:01.788227,,1.0,2.0,,LightGBM,,,,,1.0,,,,0.010060956062511126,1.559641427387139e-05,,20.0,,,,,,,,,,143.0,,,,,,,,,COMPLETE,0.0,,,,,,,,,,,,,,,,,,,,
81,81,0.8507890961262554,2023-08-23 17:37:48.971654,2023-08-23 17:37:50.763436,0 days 00:00:01.791782,,1.0,3.0,,LightGBM,,,,,0.8,,,,0.03711616267943707,7.220814080211538e-06,,10.0,,,,,,,,,,36.0,,,,,,,,,COMPLETE,0.0,,,,,,,,,,,,,,,,,,,,
82,82,0.8706838833094214,2023-08-23 17:37:50.826095,2023-08-23 17:37:51.908627,0 days 00:00:01.082532,,1.0,3.0,,LightGBM,,,,,0.5,,,,0.0074081989547197654,0.0001970679715243057,,30.0,,,,,,,,,,62.0,,,,,,,,,COMPLETE,0.0,,,,,,,,,,,,,,,,,,,,
83,83,0.7224552039649257,2023-08-23 17:37:52.016412,2023-08-23 17:40:42.938813,0 days 00:02:50.922401,,,,,MLPClassifier,,,,,,,,,,,,,,relu,adam,4.0,70.0,10.0,60.0,100.0,,,,,,,,,,,COMPLETE,0.0,,,,,,,,,,,,,,,,,,,,
84,84,0.5128205128205128,2023-08-23 17:38:24.253163,2023-08-23 17:38:24.411586,0 days 00:00:00.158423,9.057380482039035e-05,,,gblinear,XGBoost,0.7162236527266015,,,,,,,0.000499950784424376,,,,,,,,,,,,,,,,,,,,0.7275082865024306,,,COMPLETE,0.0,,,,,,,,,,,,,,,,,,,,
85,85,0.8612276019824628,2023-08-23 17:38:24.473019,2023-08-23 17:38:25.524217,0 days 00:00:01.051198,,0.7000000000000001,2.0,,LightGBM,,,,,0.4,,,,0.0006074751243777074,2.6423434820297238e-05,,20.0,,,,,,,,,,80.0,,,,,,,,,COMPLETE,0.0,,,,,,,,,,,,,,,,,,,,
86,86,0.852705126994618,2023-08-23 17:38:25.599624,2023-08-23 17:38:26.758684,0 days 00:00:01.159060,,1.0,3.0,,LightGBM,,,,,1.0,,,,0.0014707908026307466,1.55436650822506e-06,,40.0,,,,,,,,,,111.0,,,,,,,,,COMPLETE,0.0,,,,,,,,,,,,,,,,,,,,
87,87,0.8518096323738957,2023-08-23 17:38:26.895475,2023-08-23 17:38:28.863125,0 days 00:00:01.967650,,0.9,3.0,,LightGBM,,,,,0.9,,,,0.08943035066040206,5.179115927776794e-07,,10.0,,,,,,,,,,95.0,,,,,,,,,COMPLETE,0.0,,,,,,,,,,,,,,,,,,,,
88,88,0.8715683480573762,2023-08-23 17:38:28.954571,2023-08-23 17:38:30.191126,0 days 00:00:01.236555,,1.0,3.0,,LightGBM,,,,,0.5,,,,0.0058865360653495655,0.0001397847156184294,,30.0,,,,,,,,,,60.0,,,,,,,,,COMPLETE,0.0,,,,,,,,,,,,,,,,,,,,
89,89,0.8518096323738957,2023-08-23 17:38:30.264164,2023-08-23 17:38:31.402269,0 days 00:00:01.138105,,1.0,3.0,,LightGBM,,,,,0.6000000000000001,,,,0.003863113358792847,7.362333338853787e-05,,30.0,,,,,,,,,,49.0,,,,,,,,,COMPLETE,0.0,,,,,,,,,,,,,,,,,,,,
90,90,0.8612276019824628,2023-08-23 17:38:31.472315,2023-08-23 17:38:33.243270,0 days 00:00:01.770955,,1.0,3.0,,LightGBM,,,,,0.4,,,,0.005509509813049151,3.838108327190463e-05,,20.0,,,,,,,,,,123.0,,,,,,,,,COMPLETE,0.0,,,,,,,,,,,,,,,,,,,,
91,91,0.7422798322531452,2023-08-23 17:38:33.337355,2023-08-23 17:40:32.442755,0 days 00:01:59.105400,,,,,MLPClassifier,,,,,,,,,,,,,,relu,adam,4.0,60.0,10.0,30.0,100.0,,,,,,,,,,,COMPLETE,0.0,,,,,,,,,,,,,,,,,,,,
92,92,0.8612276019824628,2023-08-23 17:38:43.621085,2023-08-23 17:38:44.873312,0 days 00:00:01.252227,,1.0,3.0,,LightGBM,,,,,0.5,,,,0.0013591473515556182,0.00015673980257721295,,30.0,,,,,,,,,,74.0,,,,,,,,,COMPLETE,0.0,,,,,,,,,,,,,,,,,,,,
93,93,0.7765625,2023-08-23 17:38:44.953050,2023-08-23 17:38:45.269449,0 days 00:00:00.316399,,,,,RandomForestClassifier,,,,,,,,,,,,,,,,,,,,,,,,11.0,26.0,,,,,,COMPLETE,0.0,,,,,,,,,,,,,,,,,,,,
94,94,0.8715683480573762,2023-08-23 17:38:45.394717,2023-08-23 17:38:46.457446,0 days 00:00:01.062729,,1.0,2.0,,LightGBM,,,,,0.4,,,,0.013340584211254078,1.491336782722149e-05,,30.0,,,,,,,,,,58.0,,,,,,,,,COMPLETE,0.0,,,,,,,,,,,,,,,,,,,,
95,95,0.8715683480573762,2023-08-23 17:38:46.524855,2023-08-23 17:38:47.576763,0 days 00:00:01.051908,,0.9,2.0,,LightGBM,,,,,0.4,,,,0.017688129785047538,1.526652386670814e-05,,40.0,,,,,,,,,,39.0,,,,,,,,,COMPLETE,0.0,,,,,,,,,,,,,,,,,,,,
96,96,0.8518096323738957,2023-08-23 17:38:47.660332,2023-08-23 17:38:48.778463,0 days 00:00:01.118131,,1.0,2.0,,LightGBM,,,,,0.5,,,,0.008464459931622967,8.714952934954172e-06,,30.0,,,,,,,,,,58.0,,,,,,,,,COMPLETE,0.0,,,,,,,,,,,,,,,,,,,,
97,97,0.7184962406015037,2023-08-23 17:38:48.864590,2023-08-23 17:41:21.882365,0 days 00:02:33.017775,,,,,MLPClassifier,,,,,,,,,,,,,,relu,adam,4.0,60.0,10.0,30.0,100.0,,,,,,,,,,,COMPLETE,0.0,,,,,,,,,,,,,,,,,,,,
98,98,0.8715683480573762,2023-08-23 17:38:59.421036,2023-08-23 17:39:00.516057,0 days 00:00:01.095021,,0.9,2.0,,LightGBM,,,,,0.4,,,,0.018466724961854728,2.0649407244265845e-05,,40.0,,,,,,,,,,35.0,,,,,,,,,COMPLETE,0.0,,,,,,,,,,,,,,,,,,,,
99,99,0.8612276019824628,2023-08-23 17:39:00.663922,2023-08-23 17:39:01.416475,0 days 00:00:00.752553,,0.8,2.0,,LightGBM,,,,,0.4,,,,0.013071445455593588,1.4895461070276955e-05,,50.0,,,,,,,,,,45.0,,,,,,,,,COMPLETE,0.0,,,,,,,,,,,,,,,,,,,,
100,100,0.8621212121212121,2023-08-23 17:39:01.499976,2023-08-23 17:39:02.595259,0 days 00:00:01.095283,,1.0,2.0,,LightGBM,,,,,0.4,,,,0.004635559957392866,4.773418861283014e-05,,40.0,,,,,,,,,,25.0,,,,,,,,,COMPLETE,0.0,,,,,,,,,,,,,,,,,,,,
101,101,0.8612276019824628,2023-08-23 17:39:02.668876,2023-08-23 17:39:03.731598,0 days 00:00:01.062722,,0.9,1.0,,LightGBM,,,,,0.4,,,,0.09256083974904197,4.17152898120961e-06,,30.0,,,,,,,,,,59.0,,,,,,,,,COMPLETE,0.0,,,,,,,,,,,,,,,,,,,,
102,102,0.3696969696969697,2023-08-23 17:39:03.793839,2023-08-23 17:39:03.950148,0 days 00:00:00.156309,,,,,SVC,,,,,,,,,,,,,,,,,,,,,,,,,,,,,0.001247185914108444,poly,COMPLETE,0.0,,,,,,,,,,,,,,,,,,,,
103,103,0.8621212121212121,2023-08-23 17:39:04.080844,2023-08-23 17:39:05.448028,0 days 00:00:01.367184,,1.0,2.0,,LightGBM,,,,,0.5,,,,0.0022527760280650795,9.713628473738918e-06,,30.0,,,,,,,,,,73.0,,,,,,,,,COMPLETE,0.0,,,,,,,,,,,,,,,,,,,,
104,104,0.8612276019824628,2023-08-23 17:39:05.508136,2023-08-23 17:39:06.424817,0 days 00:00:00.916681,,0.9,1.0,,LightGBM,,,,,0.4,,,,0.032587570792755344,2.5555670609804716e-05,,50.0,,,,,,,,,,172.0,,,,,,,,,COMPLETE,0.0,,,,,,,,,,,,,,,,,,,,
105,105,0.8414029736942432,2023-08-23 17:39:06.529176,2023-08-23 17:39:08.355668,0 days 00:00:01.826492,,1.0,2.0,,LightGBM,,,,,1.0,,,,0.0071655957223526285,5.170184914544828e-05,,40.0,,,,,,,,,,88.0,,,,,,,,,COMPLETE,0.0,,,,,,,,,,,,,,,,,,,,
106,106,0.6670934699103712,2023-08-23 17:39:08.481591,2023-08-23 17:39:08.558094,0 days 00:00:00.076503,,,,,DecisionTreeClassifier,,entropy,2.0,,,,,,,,,,,,,,,,,,,,,,,,,,,,COMPLETE,0.0,,,,,,,,,,,,,,,,,,,,
107,107,0.6722689075630253,2023-08-23 17:39:08.730901,2023-08-23 17:41:04.807204,0 days 00:01:56.076303,,,,,MLPClassifier,,,,,,,,,,,,,,relu,adam,1.0,60.0,,,,,,,,,,,,,,COMPLETE,0.0,,,,,,,,,,,,,,,,,,,,
108,108,0.8715683480573762,2023-08-23 17:39:19.299454,2023-08-23 17:39:20.072288,0 days 00:00:00.772834,,0.9,2.0,,LightGBM,,,,,0.4,,,,0.01806391661482521,1.7031704613108776e-05,,40.0,,,,,,,,,,40.0,,,,,,,,,COMPLETE,0.0,,,,,,,,,,,,,,,,,,,,
109,109,0.8424242424242425,2023-08-23 17:39:20.171007,2023-08-23 17:39:21.236138,0 days 00:00:01.065131,,0.9,2.0,,LightGBM,,,,,0.4,,,,0.01434561511660309,1.080930653577831e-05,,40.0,,,,,,,,,,28.0,,,,,,,,,COMPLETE,0.0,,,,,,,,,,,,,,,,,,,,
110,110,0.8320509166904151,2023-08-23 17:39:21.296180,2023-08-23 17:39:22.442452,0 days 00:00:01.146272,,0.8,2.0,,LightGBM,,,,,0.4,,,,0.004088509349322096,2.4058916578884205e-05,,30.0,,,,,,,,,,53.0,,,,,,,,,COMPLETE,0.0,,,,,,,,,,,,,,,,,,,,
111,111,0.852705126994618,2023-08-23 17:39:22.546768,2023-08-23 17:39:23.382068,0 days 00:00:00.835300,,0.9,2.0,,LightGBM,,,,,0.4,,,,0.02553860661013032,4.6638528832634686e-06,,50.0,,,,,,,,,,19.0,,,,,,,,,COMPLETE,0.0,,,,,,,,,,,,,,,,,,,,
112,112,0.6448997012377294,2023-08-23 17:39:23.465928,2023-08-23 17:39:23.648545,0 days 00:00:00.182617,1.0587949444380881e-08,,,gblinear,XGBoost,0.9012054904974651,,,,,,,2.506410892623212e-06,,,,,,,,,,,,,,,,,,,,0.22021079491865492,,,COMPLETE,0.0,,,,,,,,,,,,,,,,,,,,
113,113,0.8227272727272728,2023-08-23 17:39:23.745358,2023-08-23 17:39:24.165634,0 days 00:00:00.420276,,0.7000000000000001,3.0,,LightGBM,,,,,0.5,,,,0.011169032082957457,6.329912785532659e-05,,60.0,,,,,,,,,,65.0,,,,,,,,,COMPLETE,0.0,,,,,,,,,,,,,,,,,,,,
114,114,0.8308943089430895,2023-08-23 17:39:24.223241,2023-08-23 17:39:24.926288,0 days 00:00:00.703047,,1.0,1.0,,LightGBM,,,,,1.0,,,,0.006714536620854974,2.4624555787693134e-05,,20.0,,,,,,,,,,6.0,,,,,,,,,COMPLETE,0.0,,,,,,,,,,,,,,,,,,,,
115,115,0.8424242424242425,2023-08-23 17:39:25.005124,2023-08-23 17:39:25.731943,0 days 00:00:00.726819,,0.5,3.0,,LightGBM,,,,,0.4,,,,0.0009946334062594419,0.0001245398339980365,,30.0,,,,,,,,,,213.0,,,,,,,,,COMPLETE,0.0,,,,,,,,,,,,,,,,,,,,
116,116,0.796875,2023-08-23 17:39:25.813239,2023-08-23 17:39:26.633084,0 days 00:00:00.819845,,,,,RandomForestClassifier,,,,,,,,,,,,,,,,,,,,,,,,90.0,5.0,,,,,,COMPLETE,0.0,,,,,,,,,,,,,,,,,,,,
117,117,0.6770186335403726,2023-08-23 17:39:26.765014,2023-08-23 17:41:19.815651,0 days 00:01:53.050637,,,,,MLPClassifier,,,,,,,,,,,,,,relu,adam,1.0,70.0,,,,,,,,,,,,,,COMPLETE,0.0,,,,,,,,,,,,,,,,,,,,
118,118,0.8518096323738957,2023-08-23 17:39:45.082229,2023-08-23 17:39:46.104040,0 days 00:00:01.021811,,0.9,2.0,,LightGBM,,,,,0.4,,,,0.024039744773003257,1.61356609084962e-05,,40.0,,,,,,,,,,36.0,,,,,,,,,COMPLETE,0.0,,,,,,,,,,,,,,,,,,,,
119,119,0.8715683480573762,2023-08-23 17:39:46.175487,2023-08-23 17:39:47.188921,0 days 00:00:01.013434,,0.9,2.0,,LightGBM,,,,,0.4,,,,0.017523885734935428,1.2448547476449909e-05,,40.0,,,,,,,,,,41.0,,,,,,,,,COMPLETE,0.0,,,,,,,,,,,,,,,,,,,,
120,120,0.8518096323738957,2023-08-23 17:39:47.257720,2023-08-23 17:39:47.908932,0 days 00:00:00.651212,,0.8,2.0,,LightGBM,,,,,0.4,,,,0.05259493462016872,4.039319155883919e-05,,40.0,,,,,,,,,,39.0,,,,,,,,,COMPLETE,0.0,,,,,,,,,,,,,,,,,,,,
121,121,0.8706838833094214,2023-08-23 17:39:47.969191,2023-08-23 17:39:49.360277,0 days 00:00:01.391086,,1.0,2.0,,LightGBM,,,,,0.6000000000000001,,,,0.012083663459826135,7.807485944624677e-06,,20.0,,,,,,,,,,56.0,,,,,,,,,COMPLETE,0.0,,,,,,,,,,,,,,,,,,,,
122,122,0.8715683480573762,2023-08-23 17:39:49.464671,2023-08-23 17:39:50.486599,0 days 00:00:01.021928,,0.9,3.0,,LightGBM,,,,,0.5,,,,0.0036447570551389995,2.22150578984769e-05,,30.0,,,,,,,,,,144.0,,,,,,,,,COMPLETE,0.0,,,,,,,,,,,,,,,,,,,,
123,123,0.8612276019824628,2023-08-23 17:39:50.562456,2023-08-23 17:39:52.737100,0 days 00:00:02.174644,,1.0,2.0,,LightGBM,,,,,1.0,,,,0.021937654553293544,0.00010068571233061022,,10.0,,,,,,,,,,66.0,,,,,,,,,COMPLETE,0.0,,,,,,,,,,,,,,,,,,,,
124,124,0.8612276019824628,2023-08-23 17:39:52.806957,2023-08-23 17:39:53.401123,0 days 00:00:00.594166,,0.9,3.0,,LightGBM,,,,,0.4,,,,0.002253017490226436,6.374631597447891e-06,,50.0,,,,,,,,,,33.0,,,,,,,,,COMPLETE,0.0,,,,,,,,,,,,,,,,,,,,
125,125,0.8402457757296466,2023-08-23 17:39:53.469085,2023-08-23 17:39:54.495463,0 days 00:00:01.026378,,1.0,3.0,,LightGBM,,,,,0.7000000000000001,,,,0.010152845201527263,1.5584050395814554e-05,,40.0,,,,,,,,,,20.0,,,,,,,,,COMPLETE,0.0,,,,,,,,,,,,,,,,,,,,
126,126,0.8621212121212121,2023-08-23 17:39:54.562246,2023-08-23 17:39:55.927839,0 days 00:00:01.365593,,1.0,3.0,,LightGBM,,,,,0.4,,,,0.005797680371025331,3.4318511812738586e-05,,30.0,,,,,,,,,,80.0,,,,,,,,,COMPLETE,0.0,,,,,,,,,,,,,,,,,,,,
127,127,0.3696969696969697,2023-08-23 17:39:55.994249,2023-08-23 17:39:56.133292,0 days 00:00:00.139043,,,,,SVC,,,,,,,,,,,,,,,,,,,,,,,,,,,,,0.03260045539995785,rbf,COMPLETE,0.0,,,,,,,,,,,,,,,,,,,,
128,128,0.852705126994618,2023-08-23 17:39:56.220760,2023-08-23 17:39:57.165042,0 days 00:00:00.944282,,0.9,2.0,,LightGBM,,,,,0.4,,,,0.0127668432268795,1.2092358436142365e-05,,40.0,,,,,,,,,,43.0,,,,,,,,,COMPLETE,0.0,,,,,,,,,,,,,,,,,,,,
129,129,0.8715683480573762,2023-08-23 17:39:57.240018,2023-08-23 17:39:58.003795,0 days 00:00:00.763777,,0.9,2.0,,LightGBM,,,,,0.4,,,,0.01705386647106012,1.6405418758172282e-05,,40.0,,,,,,,,,,51.0,,,,,,,,,COMPLETE,0.0,,,,,,,,,,,,,,,,,,,,
130,130,0.8723444433953358,2023-08-23 17:39:58.069917,2023-08-23 17:39:59.442652,0 days 00:00:01.372735,,0.9,2.0,,LightGBM,,,,,0.4,,,,0.049793798074462194,2.718124175932691e-06,,20.0,,,,,,,,,,43.0,,,,,,,,,COMPLETE,0.0,,,,,,,,,,,,,,,,,,,,
131,131,0.8621212121212121,2023-08-23 17:39:59.509088,2023-08-23 17:40:01.251729,0 days 00:00:01.742641,,1.0,2.0,,LightGBM,,,,,1.0,,,,0.060361623010407206,2.9918568031044644e-06,,20.0,,,,,,,,,,31.0,,,,,,,,,COMPLETE,0.0,,,,,,,,,,,,,,,,,,,,
132,132,0.8518096323738957,2023-08-23 17:40:01.342197,2023-08-23 17:40:03.031290,0 days 00:00:01.689093,,0.8,2.0,,LightGBM,,,,,0.4,,,,0.03258807951640159,5.777622330340819e-05,,10.0,,,,,,,,,,130.0,,,,,,,,,COMPLETE,0.0,,,,,,,,,,,,,,,,,,,,
133,133,0.8424242424242425,2023-08-23 17:40:03.097311,2023-08-23 17:40:04.514791,0 days 00:00:01.417480,,0.9,3.0,,LightGBM,,,,,0.5,,,,0.0053090207694821605,5.830448408925799e-06,,20.0,,,,,,,,,,160.0,,,,,,,,,COMPLETE,0.0,,,,,,,,,,,,,,,,,,,,
134,134,0.8215783454060236,2023-08-23 17:40:04.586239,2023-08-23 17:40:04.698688,0 days 00:00:00.112449,,,,,DecisionTreeClassifier,,gini,8.0,,,,,,,,,,,,,,,,,,,,,,,,,,,,COMPLETE,0.0,,,,,,,,,,,,,,,,,,,,
135,135,0.8621212121212121,2023-08-23 17:40:04.822180,2023-08-23 17:40:06.321655,0 days 00:00:01.499475,,1.0,3.0,,LightGBM,,,,,0.4,,,,0.0029735025797225784,0.0003069811133800916,,20.0,,,,,,,,,,118.0,,,,,,,,,COMPLETE,0.0,,,,,,,,,,,,,,,,,,,,
136,136,0.6722689075630253,2023-08-23 17:40:06.391788,2023-08-23 17:41:22.563576,0 days 00:01:16.171788,,,,,MLPClassifier,,,,,,,,,,,,,,relu,adam,1.0,60.0,,,,,,,,,,,,,,COMPLETE,0.0,,,,,,,,,,,,,,,,,,,,
137,137,0.75,2023-08-23 17:40:07.853431,2023-08-23 17:40:08.258729,0 days 00:00:00.405298,4.3904883232964154e-05,,,gbtree,XGBoost,0.5569637735171207,,,1.0311767030409939e-08,,0.9663176043701351,lossguide,0.0062539451155031065,,,3.0,,10.0,,,,,,,,,,,,,,,0.6902306487407326,,,COMPLETE,0.0,,,,,,,,,,,,,,,,,,,,
138,138,0.8621212121212121,2023-08-23 17:40:08.348303,2023-08-23 17:40:09.571216,0 days 00:00:01.222913,,0.9,2.0,,LightGBM,,,,,0.4,,,,0.01850356749901158,1.0532765334007264e-05,,30.0,,,,,,,,,,43.0,,,,,,,,,COMPLETE,0.0,,,,,,,,,,,,,,,,,,,,
139,139,0.8621212121212121,2023-08-23 17:40:09.655842,2023-08-23 17:40:10.781527,0 days 00:00:01.125685,,0.9,2.0,,LightGBM,,,,,0.4,,,,0.02961826596771574,3.152515513605832e-05,,30.0,,,,,,,,,,40.0,,,,,,,,,COMPLETE,0.0,,,,,,,,,,,,,,,,,,,,
140,140,0.8414029736942432,2023-08-23 17:40:10.897938,2023-08-23 17:40:11.684567,0 days 00:00:00.786629,,0.9,2.0,,LightGBM,,,,,0.4,,,,0.008592237614211372,1.4489689729347975e-05,,50.0,,,,,,,,,,70.0,,,,,,,,,COMPLETE,0.0,,,,,,,,,,,,,,,,,,,,
141,141,0.8621212121212121,2023-08-23 17:40:11.778707,2023-08-23 17:40:12.691634,0 days 00:00:00.912927,,0.9,2.0,,LightGBM,,,,,0.9,,,,0.06254773698374468,3.232006856895923e-06,,40.0,,,,,,,,,,64.0,,,,,,,,,COMPLETE,0.0,,,,,,,,,,,,,,,,,,,,
142,142,0.8715683480573762,2023-08-23 17:40:12.762187,2023-08-23 17:40:14.270619,0 days 00:00:01.508432,,1.0,3.0,,LightGBM,,,,,0.6000000000000001,,,,0.01826080570567784,1.9986087835572892e-05,,20.0,,,,,,,,,,103.0,,,,,,,,,COMPLETE,0.0,,,,,,,,,,,,,,,,,,,,
143,143,0.8810522302706825,2023-08-23 17:40:13.605693,2023-08-23 17:40:15.089366,0 days 00:00:01.483673,,1.0,3.0,,LightGBM,,,,,0.6000000000000001,,,,0.015450662446440137,1.9918139573951458e-05,,20.0,,,,,,,,,,54.0,,,,,,,,,COMPLETE,0.0,,,,,,,,,,,,,,,,,,,,
144,144,0.852705126994618,2023-08-23 17:40:14.361002,2023-08-23 17:40:15.360376,0 days 00:00:00.999374,,1.0,2.0,,LightGBM,,,,,0.4,,,,0.007409947150772877,8.611035537063942e-06,,30.0,,,,,,,,,,139.0,,,,,,,,,COMPLETE,0.0,,,,,,,,,,,,,,,,,,,,
145,145,0.8402457757296466,2023-08-23 17:40:15.169523,2023-08-23 17:40:17.404263,0 days 00:00:02.234740,,1.0,3.0,,LightGBM,,,,,0.7000000000000001,,,,0.00821148909607004,7.938837909065212e-05,,20.0,,,,,,,,,,53.0,,,,,,,,,COMPLETE,0.0,,,,,,,,,,,,,,,,,,,,
146,146,0.8612276019824628,2023-08-23 17:40:15.437593,2023-08-23 17:40:18.353567,0 days 00:00:02.915974,,1.0,3.0,,LightGBM,,,,,0.7000000000000001,,,,0.0015498647522723,4.7972421364742686e-05,,10.0,,,,,,,,,,53.0,,,,,,,,,COMPLETE,0.0,,,,,,,,,,,,,,,,,,,,
147,147,0.7911047345767577,2023-08-23 17:40:17.468868,2023-08-23 17:40:18.988272,0 days 00:00:01.519404,,,,,RandomForestClassifier,,,,,,,,,,,,,,,,,,,,,,,,62.0,15.0,,,,,,COMPLETE,0.0,,,,,,,,,,,,,,,,,,,,
148,148,0.8612276019824628,2023-08-23 17:40:18.443852,2023-08-23 17:40:19.988796,0 days 00:00:01.544944,,1.0,3.0,,LightGBM,,,,,0.5,,,,0.013414797140171872,2.8772521827846035e-05,,20.0,,,,,,,,,,45.0,,,,,,,,,COMPLETE,0.0,,,,,,,,,,,,,,,,,,,,
149,149,0.852705126994618,2023-08-23 17:40:19.096323,2023-08-23 17:40:20.607140,0 days 00:00:01.510817,,1.0,3.0,,LightGBM,,,,,0.5,,,,0.014114669027490232,2.9647512452594024e-05,,20.0,,,,,,,,,,47.0,,,,,,,,,COMPLETE,0.0,,,,,,,,,,,,,,,,,,,,
150,150,0.8518096323738957,2023-08-23 17:40:20.072054,2023-08-23 17:40:21.751038,0 days 00:00:01.678984,,0.8,3.0,,LightGBM,,,,,1.0,,,,0.023204908501473605,1.2087795219369791e-05,,20.0,,,,,,,,,,59.0,,,,,,,,,COMPLETE,0.0,,,,,,,,,,,,,,,,,,,,
151,151,0.8320509166904151,2023-08-23 17:40:20.696894,2023-08-23 17:40:21.892454,0 days 00:00:01.195560,,0.8,3.0,,LightGBM,,,,,1.0,,,,0.022843819672204124,1.1196641567289973e-05,,40.0,,,,,,,,,,58.0,,,,,,,,,COMPLETE,0.0,,,,,,,,,,,,,,,,,,,,
152,152,0.8518096323738957,2023-08-23 17:40:21.828268,2023-08-23 17:40:22.823251,0 days 00:00:00.994983,,0.9,1.0,,LightGBM,,,,,0.6000000000000001,,,,0.04132255126139466,1.8785951242825527e-05,,40.0,,,,,,,,,,26.0,,,,,,,,,COMPLETE,0.0,,,,,,,,,,,,,,,,,,,,
153,153,0.8424242424242425,2023-08-23 17:40:21.951271,2023-08-23 17:40:23.257160,0 days 00:00:01.305889,,0.9,1.0,,LightGBM,,,,,0.6000000000000001,,,,0.004675648569239164,1.9214247237491157e-05,,30.0,,,,,,,,,,79.0,,,,,,,,,COMPLETE,0.0,,,,,,,,,,,,,,,,,,,,
154,154,0.8621212121212121,2023-08-23 17:40:22.892583,2023-08-23 17:40:24.072726,0 days 00:00:01.180143,,0.9,2.0,,LightGBM,,,,,0.4,,,,0.004882293699196021,4.866458030553528e-06,,30.0,,,,,,,,,,89.0,,,,,,,,,COMPLETE,0.0,,,,,,,,,,,,,,,,,,,,
155,155,0.8621212121212121,2023-08-23 17:40:23.334485,2023-08-23 17:40:24.607219,0 days 00:00:01.272734,,1.0,2.0,,LightGBM,,,,,0.4,,,,0.002540486317127256,5.020005925724121e-06,,30.0,,,,,,,,,,71.0,,,,,,,,,COMPLETE,0.0,,,,,,,,,,,,,,,,,,,,
156,156,0.8810522302706825,2023-08-23 17:40:24.147502,2023-08-23 17:40:25.984504,0 days 00:00:01.837002,,1.0,3.0,,LightGBM,,,,,0.4,,,,0.002923045212255447,7.293562826275814e-06,,10.0,,,,,,,,,,35.0,,,,,,,,,COMPLETE,0.0,,,,,,,,,,,,,,,,,,,,
157,157,0.8612276019824628,2023-08-23 17:40:24.719568,2023-08-23 17:40:27.059548,0 days 00:00:02.339980,,1.0,3.0,,LightGBM,,,,,0.8,,,,0.00810531300808248,3.946019179409476e-05,,10.0,,,,,,,,,,39.0,,,,,,,,,COMPLETE,0.0,,,,,,,,,,,,,,,,,,,,
158,158,0.8715683480573762,2023-08-23 17:40:26.042664,2023-08-23 17:40:27.785689,0 days 00:00:01.743025,,1.0,3.0,,LightGBM,,,,,0.4,,,,0.009851667213199094,7.216818941031591e-06,,10.0,,,,,,,,,,36.0,,,,,,,,,COMPLETE,0.0,,,,,,,,,,,,,,,,,,,,
159,159,0.8810522302706825,2023-08-23 17:40:27.155515,2023-08-23 17:40:28.994173,0 days 00:00:01.838658,,1.0,3.0,,LightGBM,,,,,0.4,,,,0.0035758672721174782,9.415562678864332e-06,,10.0,,,,,,,,,,35.0,,,,,,,,,COMPLETE,0.0,,,,,,,,,,,,,,,,,,,,
160,160,0.8810522302706825,2023-08-23 17:40:27.856582,2023-08-23 17:40:28.808817,0 days 00:00:00.952235,,1.0,3.0,,LightGBM,,,,,0.4,,,,0.003327172679816293,8.542387947335176e-06,,10.0,,,,,,,,,,13.0,,,,,,,,,COMPLETE,0.0,,,,,,,,,,,,,,,,,,,,
161,161,0.8715683480573762,2023-08-23 17:40:28.874794,2023-08-23 17:40:30.204489,0 days 00:00:01.329695,,1.0,3.0,,LightGBM,,,,,0.4,,,,0.0031828224379759715,7.547430239222955e-06,,10.0,,,,,,,,,,19.0,,,,,,,,,COMPLETE,0.0,,,,,,,,,,,,,,,,,,,,
162,162,0.3696969696969697,2023-08-23 17:40:29.078158,2023-08-23 17:40:29.343585,0 days 00:00:00.265427,,,,,SVC,,,,,,,,,,,,,,,,,,,,,,,,,,,,,1.3584645687667307,rbf,COMPLETE,0.0,,,,,,,,,,,,,,,,,,,,
163,163,0.8715683480573762,2023-08-23 17:40:29.437701,2023-08-23 17:40:31.497537,0 days 00:00:02.059836,,1.0,3.0,,LightGBM,,,,,0.4,,,,0.0033836186717266835,8.506420691687439e-06,,10.0,,,,,,,,,,29.0,,,,,,,,,COMPLETE,0.0,,,,,,,,,,,,,,,,,,,,
164,164,0.8612276019824628,2023-08-23 17:40:30.269430,2023-08-23 17:40:32.268986,0 days 00:00:01.999556,,1.0,3.0,,LightGBM,,,,,0.4,,,,0.0017606097270148609,2.1479765698904214e-06,,10.0,,,,,,,,,,30.0,,,,,,,,,COMPLETE,0.0,,,,,,,,,,,,,,,,,,,,
165,165,0.3696969696969697,2023-08-23 17:40:31.569860,2023-08-23 17:40:42.257319,0 days 00:00:10.687459,,,,,MLPClassifier,,,,,,,,,,,,,,identity,sgd,1.0,60.0,,,,,,,,,,,,,,COMPLETE,0.0,,,,,,,,,,,,,,,,,,,,
166,166,0.3696969696969697,2023-08-23 17:40:32.355700,2023-08-23 17:40:46.737609,0 days 00:00:14.381909,,,,,MLPClassifier,,,,,,,,,,,,,,identity,sgd,1.0,60.0,,,,,,,,,,,,,,COMPLETE,0.0,,,,,,,,,,,,,,,,,,,,
167,167,0.8518096323738957,2023-08-23 17:40:32.499150,2023-08-23 17:40:33.645575,0 days 00:00:01.146425,,1.0,3.0,,LightGBM,,,,,1.0,,,,0.005327457234420165,3.6235606622083262e-06,,10.0,,,,,,,,,,7.0,,,,,,,,,COMPLETE,0.0,,,,,,,,,,,,,,,,,,,,
168,168,0.8621212121212121,2023-08-23 17:40:33.749347,2023-08-23 17:40:34.650578,0 days 00:00:00.901231,,1.0,3.0,,LightGBM,,,,,0.4,,,,0.002364047731141098,1.536570340427892e-05,,10.0,,,,,,,,,,12.0,,,,,,,,,COMPLETE,0.0,,,,,,,,,,,,,,,,,,,,
169,169,0.8621212121212121,2023-08-23 17:40:34.733603,2023-08-23 17:40:36.044738,0 days 00:00:01.311135,,1.0,3.0,,LightGBM,,,,,0.4,,,,0.0011281188604932463,2.403793347388841e-05,,20.0,,,,,,,,,,193.0,,,,,,,,,COMPLETE,0.0,,,,,,,,,,,,,,,,,,,,
170,170,0.8715683480573762,2023-08-23 17:40:36.113691,2023-08-23 17:40:37.436535,0 days 00:00:01.322844,,1.0,3.0,,LightGBM,,,,,0.4,,,,0.007154940660922644,5.750168183292355e-06,,10.0,,,,,,,,,,23.0,,,,,,,,,COMPLETE,0.0,,,,,,,,,,,,,,,,,,,,
171,171,0.7894939759036144,2023-08-23 17:40:37.501975,2023-08-23 17:40:37.798731,0 days 00:00:00.296756,,,,,DecisionTreeClassifier,,entropy,4.0,,,,,,,,,,,,,,,,,,,,,,,,,,,,COMPLETE,0.0,,,,,,,,,,,,,,,,,,,,
172,172,0.852705126994618,2023-08-23 17:40:37.875542,2023-08-23 17:40:38.804812,0 days 00:00:00.929270,,1.0,3.0,,LightGBM,,,,,0.4,,,,0.0036109379487701313,1.0758948883686708e-05,,100.0,,,,,,,,,,48.0,,,,,,,,,COMPLETE,0.0,,,,,,,,,,,,,,,,,,,,
173,173,0.8215783454060236,2023-08-23 17:40:38.925471,2023-08-23 17:40:39.796427,0 days 00:00:00.870956,,1.0,3.0,,LightGBM,,,,,0.4,,,,0.0018468243512056721,1.970904044759259e-05,,70.0,,,,,,,,,,62.0,,,,,,,,,COMPLETE,0.0,,,,,,,,,,,,,,,,,,,,
174,174,0.7694457831325301,2023-08-23 17:40:39.867646,2023-08-23 17:40:40.224130,0 days 00:00:00.356484,0.018414344087408607,,,dart,XGBoost,0.8119663988472364,,,0.7893938821840669,,2.2440103920169634e-08,depthwise,1.426322198398588e-06,,,9.0,,2.0,,,,,,,,forest,,0.8350271755505104,,,uniform,4.689026209712785e-08,0.3946899264339607,,,COMPLETE,0.0,,,,,,,,,,,,,,,,,,,,
175,175,0.8621212121212121,2023-08-23 17:40:40.296890,2023-08-23 17:40:42.413684,0 days 00:00:02.116794,,1.0,3.0,,LightGBM,,,,,1.0,,,,0.0007451464853314016,3.5575626166052945e-05,,20.0,,,,,,,,,,248.0,,,,,,,,,COMPLETE,0.0,,,,,,,,,,,,,,,,,,,,
176,176,0.8715683480573762,2023-08-23 17:40:42.330594,2023-08-23 17:40:44.941307,0 days 00:00:02.610713,,1.0,3.0,,LightGBM,,,,,1.0,,,,0.005432596976320736,6.666780164971374e-05,,20.0,,,,,,,,,,240.0,,,,,,,,,COMPLETE,0.0,,,,,,,,,,,,,,,,,,,,
177,177,0.8507890961262554,2023-08-23 17:40:42.478807,2023-08-23 17:40:44.776526,0 days 00:00:02.297719,,0.7000000000000001,3.0,,LightGBM,,,,,0.4,,,,0.010978432264474926,5.3141831055204666e-05,,10.0,,,,,,,,,,76.0,,,,,,,,,COMPLETE,0.0,,,,,,,,,,,,,,,,,,,,
178,178,0.8621212121212121,2023-08-23 17:40:43.071524,2023-08-23 17:40:44.530767,0 days 00:00:01.459243,,0.9,2.0,,LightGBM,,,,,0.4,,,,0.011836065423121869,1.1841841224950712e-05,,40.0,,,,,,,,,,34.0,,,,,,,,,COMPLETE,0.0,,,,,,,,,,,,,,,,,,,,
179,179,0.8621212121212121,2023-08-23 17:40:44.601176,2023-08-23 17:40:45.683137,0 days 00:00:01.081961,,1.0,3.0,,LightGBM,,,,,0.4,,,,0.016480138498693342,8.036798464277798e-06,,50.0,,,,,,,,,,42.0,,,,,,,,,COMPLETE,0.0,,,,,,,,,,,,,,,,,,,,
180,180,0.8715683480573762,2023-08-23 17:40:44.900022,2023-08-23 17:40:46.246339,0 days 00:00:01.346317,,1.0,3.0,,LightGBM,,,,,0.4,,,,0.015992034094654085,8.395224672767524e-06,,50.0,,,,,,,,,,43.0,,,,,,,,,COMPLETE,0.0,,,,,,,,,,,,,,,,,,,,
181,181,0.8518096323738957,2023-08-23 17:40:45.036728,2023-08-23 17:40:46.340454,0 days 00:00:01.303726,,0.9,2.0,,LightGBM,,,,,0.4,,,,0.02967680285756009,8.643495829443459e-06,,50.0,,,,,,,,,,40.0,,,,,,,,,COMPLETE,0.0,,,,,,,,,,,,,,,,,,,,
182,182,0.8621212121212121,2023-08-23 17:40:45.738090,2023-08-23 17:40:47.313263,0 days 00:00:01.575173,,0.9,2.0,,LightGBM,,,,,0.4,,,,0.028377212482893426,1.561961351855771e-05,,30.0,,,,,,,,,,52.0,,,,,,,,,COMPLETE,0.0,,,,,,,,,,,,,,,,,,,,
183,183,0.8612276019824628,2023-08-23 17:40:46.320134,2023-08-23 17:40:48.127448,0 days 00:00:01.807314,,0.9,2.0,,LightGBM,,,,,0.4,,,,0.03978798540854667,1.4165675312757421e-05,,30.0,,,,,,,,,,52.0,,,,,,,,,COMPLETE,0.0,,,,,,,,,,,,,,,,,,,,
184,184,0.8621212121212121,2023-08-23 17:40:46.469478,2023-08-23 17:40:48.040306,0 days 00:00:01.570828,,0.9,2.0,,LightGBM,,,,,0.5,,,,0.006269357063253684,1.7658188037151865e-05,,30.0,,,,,,,,,,53.0,,,,,,,,,COMPLETE,0.0,,,,,,,,,,,,,,,,,,,,
185,185,0.8621212121212121,2023-08-23 17:40:46.827435,2023-08-23 17:40:48.433806,0 days 00:00:01.606371,,0.9,2.0,,LightGBM,,,,,0.5,,,,0.006292252044946523,1.4106978842356914e-05,,30.0,,,,,,,,,,124.0,,,,,,,,,COMPLETE,0.0,,,,,,,,,,,,,,,,,,,,
186,186,0.8715683480573762,2023-08-23 17:40:47.411467,2023-08-23 17:40:49.408810,0 days 00:00:01.997343,,1.0,3.0,,LightGBM,,,,,0.5,,,,0.0013109090816641562,2.398177878035979e-05,,20.0,,,,,,,,,,125.0,,,,,,,,,COMPLETE,0.0,,,,,,,,,,,,,,,,,,,,
187,187,0.796875,2023-08-23 17:40:48.106909,2023-08-23 17:40:49.500394,0 days 00:00:01.393485,,,,,RandomForestClassifier,,,,,,,,,,,,,,,,,,,,,,,,40.0,6.0,,,,,,COMPLETE,0.0,,,,,,,,,,,,,,,,,,,,
188,188,0.8402457757296466,2023-08-23 17:40:48.253222,2023-08-23 17:40:49.883944,0 days 00:00:01.630722,,0.9,3.0,,LightGBM,,,,,0.5,,,,0.003733652406691023,2.7240806004957448e-05,,40.0,,,,,,,,,,127.0,,,,,,,,,COMPLETE,0.0,,,,,,,,,,,,,,,,,,,,
189,189,0.8414029736942432,2023-08-23 17:40:48.512774,2023-08-23 17:40:49.814475,0 days 00:00:01.301701,,0.9,3.0,,LightGBM,,,,,0.9,,,,0.0036675686921209608,2.6613981115499435e-05,,60.0,,,,,,,,,,143.0,,,,,,,,,COMPLETE,0.0,,,,,,,,,,,,,,,,,,,,
190,190,0.852705126994618,2023-08-23 17:40:49.591439,2023-08-23 17:40:51.216632,0 days 00:00:01.625193,,0.9,3.0,,LightGBM,,,,,0.9,,,,0.0036671065014188433,2.722605865752202e-05,,40.0,,,,,,,,,,151.0,,,,,,,,,COMPLETE,0.0,,,,,,,,,,,,,,,,,,,,
191,191,0.852705126994618,2023-08-23 17:40:49.602301,2023-08-23 17:40:50.960877,0 days 00:00:01.358576,,0.9,3.0,,LightGBM,,,,,0.9,,,,0.003591358240869314,2.2956087421800815e-05,,40.0,,,,,,,,,,63.0,,,,,,,,,COMPLETE,0.0,,,,,,,,,,,,,,,,,,,,
192,192,0.8518096323738957,2023-08-23 17:40:49.954690,2023-08-23 17:40:50.853961,0 days 00:00:00.899271,,1.0,3.0,,LightGBM,,,,,0.4,,,,0.002614426229020513,5.084802310727507e-06,,40.0,,,,,,,,,,150.0,,,,,,,,,COMPLETE,0.0,,,,,,,,,,,,,,,,,,,,
193,193,0.8518096323738957,2023-08-23 17:40:49.956636,2023-08-23 17:40:51.059863,0 days 00:00:01.103227,,1.0,3.0,,LightGBM,,,,,0.4,,,,0.002368094217528392,5.100832303912004e-06,,40.0,,,,,,,,,,149.0,,,,,,,,,COMPLETE,0.0,,,,,,,,,,,,,,,,,,,,
194,194,0.8715683480573762,2023-08-23 17:40:50.906897,2023-08-23 17:40:53.269433,0 days 00:00:02.362536,,1.0,3.0,,LightGBM,,,,,0.6000000000000001,,,,0.012308990216197364,0.00012913300320484955,,20.0,,,,,,,,,,136.0,,,,,,,,,COMPLETE,0.0,,,,,,,,,,,,,,,,,,,,
195,195,0.8621212121212121,2023-08-23 17:40:51.027843,2023-08-23 17:40:53.067411,0 days 00:00:02.039568,,1.0,3.0,,LightGBM,,,,,0.4,,,,0.008558377222635558,0.00014534592481747302,,30.0,,,,,,,,,,138.0,,,,,,,,,COMPLETE,0.0,,,,,,,,,,,,,,,,,,,,
196,196,0.8424242424242425,2023-08-23 17:40:51.169894,2023-08-23 17:40:52.867543,0 days 00:00:01.697649,,1.0,3.0,,LightGBM,,,,,0.6000000000000001,,,,0.011039006991491202,0.00014884436980048613,,30.0,,,,,,,,,,213.0,,,,,,,,,COMPLETE,0.0,,,,,,,,,,,,,,,,,,,,
197,197,0.8507890961262554,2023-08-23 17:40:51.309574,2023-08-23 17:40:54.487337,0 days 00:00:03.177763,,1.0,3.0,,LightGBM,,,,,0.6000000000000001,,,,0.009515340950121631,9.354480096952309e-05,,10.0,,,,,,,,,,117.0,,,,,,,,,COMPLETE,0.0,,,,,,,,,,,,,,,,,,,,
198,198,0.8723444433953358,2023-08-23 17:40:52.928120,2023-08-23 17:40:55.397399,0 days 00:00:02.469279,,0.9,2.0,,LightGBM,,,,,0.4,,,,0.01877726633086598,1.2793144222088503e-05,,10.0,,,,,,,,,,35.0,,,,,,,,,COMPLETE,0.0,,,,,,,,,,,,,,,,,,,,
199,199,0.8414029736942432,2023-08-23 17:40:53.154514,2023-08-23 17:40:55.081181,0 days 00:00:01.926667,,0.9,2.0,,LightGBM,,,,,0.4,,,,0.015886495250353117,1.2303563502664695e-05,,20.0,,,,,,,,,,68.0,,,,,,,,,COMPLETE,0.0,,,,,,,,,,,,,,,,,,,,
200,200,0.8612276019824628,2023-08-23 17:40:53.375106,2023-08-23 17:40:55.957858,0 days 00:00:02.582752,,0.9,2.0,,LightGBM,,,,,0.4,,,,0.016155091496483524,1.1955970610847183e-05,,10.0,,,,,,,,,,49.0,,,,,,,,,COMPLETE,0.0,,,,,,,,,,,,,,,,,,,,
201,201,0.8715683480573762,2023-08-23 17:40:54.615554,2023-08-23 17:40:56.548153,0 days 00:00:01.932599,,0.9,2.0,,LightGBM,,,,,0.4,,,,0.018260627230886183,1.1123780588108916e-05,,20.0,,,,,,,,,,67.0,,,,,,,,,COMPLETE,0.0,,,,,,,,,,,,,,,,,,,,
202,202,0.8414029736942432,2023-08-23 17:40:55.140581,2023-08-23 17:40:56.750531,0 days 00:00:01.609950,,0.9,2.0,,LightGBM,,,,,0.7000000000000001,,,,0.022071942796436088,1.7818290298748095e-05,,40.0,,,,,,,,,,49.0,,,,,,,,,COMPLETE,0.0,,,,,,,,,,,,,,,,,,,,
203,203,0.3696969696969697,2023-08-23 17:40:55.520613,2023-08-23 17:40:55.714465,0 days 00:00:00.193852,,,,,SVC,,,,,,,,,,,,,,,,,,,,,,,,,,,,,822.1247701145487,poly,COMPLETE,0.0,,,,,,,,,,,,,,,,,,,,
204,204,0.8414029736942432,2023-08-23 17:40:55.765354,2023-08-23 17:40:58.187016,0 days 00:00:02.421662,,0.9,2.0,,LightGBM,,,,,0.8,,,,0.023203911523467596,4.009026070261695e-05,,10.0,,,,,,,,,,37.0,,,,,,,,,COMPLETE,0.0,,,,,,,,,,,,,,,,,,,,
205,205,0.8320509166904151,2023-08-23 17:40:56.125936,2023-08-23 17:40:59.002591,0 days 00:00:02.876655,,0.9,2.0,,LightGBM,,,,,0.7000000000000001,,,,0.022457688432479257,3.940093096229938e-05,,10.0,,,,,,,,,,37.0,,,,,,,,,COMPLETE,0.0,,,,,,,,,,,,,,,,,,,,
206,206,0.8308943089430895,2023-08-23 17:40:56.670513,2023-08-23 17:40:59.251746,0 days 00:00:02.581233,,0.8,2.0,,LightGBM,,,,,0.7000000000000001,,,,0.047601127020335886,4.251323253563245e-05,,10.0,,,,,,,,,,38.0,,,,,,,,,COMPLETE,0.0,,,,,,,,,,,,,,,,,,,,
207,207,0.8602150537634409,2023-08-23 17:40:56.844751,2023-08-23 17:40:59.524621,0 days 00:00:02.679870,,0.8,2.0,,LightGBM,,,,,0.8,,,,0.001626608618184894,3.844873261918004e-05,,10.0,,,,,,,,,,36.0,,,,,,,,,COMPLETE,0.0,,,,,,,,,,,,,,,,,,,,
208,208,0.8612276019824628,2023-08-23 17:40:58.285206,2023-08-23 17:41:00.852176,0 days 00:00:02.566970,,0.9,2.0,,LightGBM,,,,,0.4,,,,4.100930700206923e-06,1.906236055813798e-05,,10.0,,,,,,,,,,58.0,,,,,,,,,COMPLETE,0.0,,,,,,,,,,,,,,,,,,,,
209,209,0.8621212121212121,2023-08-23 17:40:59.055644,2023-08-23 17:41:01.295941,0 days 00:00:02.240297,,0.9,2.0,,LightGBM,,,,,0.4,,,,3.3397756100180473e-06,1.7802698753398486e-05,,10.0,,,,,,,,,,32.0,,,,,,,,,COMPLETE,0.0,,,,,,,,,,,,,,,,,,,,
210,210,0.8518096323738957,2023-08-23 17:40:59.368569,2023-08-23 17:41:00.657297,0 days 00:00:01.288728,,0.9,2.0,,LightGBM,,,,,0.4,,,,5.052791366174006e-07,1.817255384360738e-05,,40.0,,,,,,,,,,31.0,,,,,,,,,COMPLETE,0.0,,,,,,,,,,,,,,,,,,,,
211,211,0.8621212121212121,2023-08-23 17:40:59.616495,2023-08-23 17:41:01.238355,0 days 00:00:01.621860,,0.9,2.0,,LightGBM,,,,,0.4,,,,1.4864173711073098e-06,1.918523182185735e-05,,30.0,,,,,,,,,,57.0,,,,,,,,,COMPLETE,0.0,,,,,,,,,,,,,,,,,,,,
212,212,0.7493975903614458,2023-08-23 17:41:00.731536,2023-08-23 17:41:01.112799,0 days 00:00:00.381263,,,,,DecisionTreeClassifier,,log_loss,13.0,,,,,,,,,,,,,,,,,,,,,,,,,,,,COMPLETE,0.0,,,,,,,,,,,,,,,,,,,,
213,213,0.8810522302706825,2023-08-23 17:41:00.969622,2023-08-23 17:41:02.880686,0 days 00:00:01.911064,,1.0,1.0,,LightGBM,,,,,0.4,,,,0.005335704889389335,6.916614149719712e-06,,30.0,,,,,,,,,,23.0,,,,,,,,,COMPLETE,0.0,,,,,,,,,,,,,,,,,,,,
214,214,0.3696969696969697,2023-08-23 17:41:01.348654,2023-08-23 17:41:01.691601,0 days 00:00:00.342947,5.000248216552665e-06,,,gblinear,XGBoost,0.9926195854917003,,,,,,,0.013270446057409575,,,,,,,,,,,,,,,,,,,,0.580407907387912,,,COMPLETE,0.0,,,,,,,,,,,,,,,,,,,,
215,215,0.8715683480573762,2023-08-23 17:41:01.353541,2023-08-23 17:41:03.758957,0 days 00:00:02.405416,,1.0,1.0,,LightGBM,,,,,1.0,,,,0.07568069639254912,6.5331039803324975e-06,,20.0,,,,,,,,,,82.0,,,,,,,,,COMPLETE,0.0,,,,,,,,,,,,,,,,,,,,
216,216,0.8308943089430895,2023-08-23 17:41:01.363587,2023-08-23 17:41:02.249732,0 days 00:00:00.886145,2.5995821397296796e-05,,,gbtree,XGBoost,0.5321251105171243,,,7.863043432403604e-06,,5.422891772383255e-06,depthwise,0.01479370616372913,,,7.0,,8.0,,,,,,,,,,,,,,,0.5897690092085179,,,COMPLETE,0.0,,,,,,,,,,,,,,,,,,,,
217,217,0.8612276019824628,2023-08-23 17:41:01.829905,2023-08-23 17:41:04.567932,0 days 00:00:02.738027,,1.0,3.0,,LightGBM,,,,,1.0,,,,0.005998834580775931,8.692487930002482e-06,,20.0,,,,,,,,,,132.0,,,,,,,,,COMPLETE,0.0,,,,,,,,,,,,,,,,,,,,
218,218,0.8518096323738957,2023-08-23 17:41:02.317077,2023-08-23 17:41:04.268113,0 days 00:00:01.951036,,1.0,3.0,,LightGBM,,,,,0.6000000000000001,,,,0.005423373043192615,6.515908752560297e-06,,20.0,,,,,,,,,,24.0,,,,,,,,,COMPLETE,0.0,,,,,,,,,,,,,,,,,,,,
219,219,0.8715683480573762,2023-08-23 17:41:02.956327,2023-08-23 17:41:04.566085,0 days 00:00:01.609758,,1.0,1.0,,LightGBM,,,,,0.4,,,,0.0051451962606650975,7.102747556790664e-06,,30.0,,,,,,,,,,22.0,,,,,,,,,COMPLETE,0.0,,,,,,,,,,,,,,,,,,,,
220,220,0.8612276019824628,2023-08-23 17:41:03.871794,2023-08-23 17:41:05.144738,0 days 00:00:01.272944,,0.6000000000000001,1.0,,LightGBM,,,,,0.4,,,,0.005736630608081242,9.610795664001036e-06,,30.0,,,,,,,,,,23.0,,,,,,,,,COMPLETE,0.0,,,,,,,,,,,,,,,,,,,,
221,221,0.8612276019824628,2023-08-23 17:41:04.433837,2023-08-23 17:41:05.865908,0 days 00:00:01.432071,,0.6000000000000001,1.0,,LightGBM,,,,,0.4,,,,0.008230759262341954,1.012141066655319e-05,,30.0,,,,,,,,,,17.0,,,,,,,,,COMPLETE,0.0,,,,,,,,,,,,,,,,,,,,
222,222,0.8424242424242425,2023-08-23 17:41:04.712917,2023-08-23 17:41:06.390143,0 days 00:00:01.677226,,0.6000000000000001,1.0,,LightGBM,,,,,0.4,,,,0.032156437839616546,3.4989768082416445e-06,,30.0,,,,,,,,,,46.0,,,,,,,,,COMPLETE,0.0,,,,,,,,,,,,,,,,,,,,
223,223,0.8715683480573762,2023-08-23 17:41:04.720396,2023-08-23 17:41:06.624594,0 days 00:00:01.904198,,1.0,1.0,,LightGBM,,,,,0.4,,,,0.008216787234125429,2.5060166269862807e-06,,30.0,,,,,,,,,,45.0,,,,,,,,,COMPLETE,0.0,,,,,,,,,,,,,,,,,,,,
224,224,0.8424242424242425,2023-08-23 17:41:04.885349,2023-08-23 17:41:06.220781,0 days 00:00:01.335432,,0.4,1.0,,LightGBM,,,,,0.4,,,,0.008791352582566421,1.1052485409545695e-05,,30.0,,,,,,,,,,29.0,,,,,,,,,COMPLETE,0.0,,,,,,,,,,,,,,,,,,,,
225,225,0.8424242424242425,2023-08-23 17:41:05.250451,2023-08-23 17:41:06.933456,0 days 00:00:01.683005,,1.0,1.0,,LightGBM,,,,,0.4,,,,0.009101271798430326,3.646781136697469e-06,,40.0,,,,,,,,,,16.0,,,,,,,,,COMPLETE,0.0,,,,,,,,,,,,,,,,,,,,
226,226,0.8433145009416196,2023-08-23 17:41:05.991824,2023-08-23 17:41:07.647941,0 days 00:00:01.656117,,1.0,1.0,,LightGBM,,,,,0.4,,,,0.10903623924328071,3.237397298797577e-06,,30.0,,,,,,,,,,15.0,,,,,,,,,COMPLETE,0.0,,,,,,,,,,,,,,,,,,,,
227,227,0.8621212121212121,2023-08-23 17:41:06.288781,2023-08-23 17:41:07.887871,0 days 00:00:01.599090,,1.0,3.0,,LightGBM,,,,,0.4,,,,0.013542274112675725,3.389351226098214e-06,,40.0,,,,,,,,,,45.0,,,,,,,,,COMPLETE,0.0,,,,,,,,,,,,,,,,,,,,
228,228,0.8424242424242425,2023-08-23 17:41:06.487209,2023-08-23 17:41:08.837106,0 days 00:00:02.349897,,1.0,3.0,,LightGBM,,,,,0.6000000000000001,,,,0.01594168902518685,0.0002285905323872049,,20.0,,,,,,,,,,43.0,,,,,,,,,COMPLETE,0.0,,,,,,,,,,,,,,,,,,,,
229,229,0.8621212121212121,2023-08-23 17:41:06.724899,2023-08-23 17:41:09.373408,0 days 00:00:02.648509,,1.0,3.0,,LightGBM,,,,,0.6000000000000001,,,,0.01765452203197011,1.4323335696130273e-05,,20.0,,,,,,,,,,96.0,,,,,,,,,COMPLETE,0.0,,,,,,,,,,,,,,,,,,,,
230,230,0.8612276019824628,2023-08-23 17:41:07.058250,2023-08-23 17:41:09.128121,0 days 00:00:02.069871,,1.0,3.0,,LightGBM,,,,,0.6000000000000001,,,,0.01663531770541161,1.4715254664575225e-05,,20.0,,,,,,,,,,98.0,,,,,,,,,COMPLETE,0.0,,,,,,,,,,,,,,,,,,,,
231,231,0.8414029736942432,2023-08-23 17:41:07.747859,2023-08-23 17:41:10.312999,0 days 00:00:02.565140,,1.0,3.0,,LightGBM,,,,,0.6000000000000001,,,,0.016010275329608758,1.4934535399256667e-05,,20.0,,,,,,,,,,92.0,,,,,,,,,COMPLETE,0.0,,,,,,,,,,,,,,,,,,,,
232,232,0.8818181818181818,2023-08-23 17:41:07.976641,2023-08-23 17:41:10.170178,0 days 00:00:02.193537,,1.0,3.0,,LightGBM,,,,,0.6000000000000001,,,,0.019250347231376183,2.4713109257584268e-05,,20.0,,,,,,,,,,92.0,,,,,,,,,COMPLETE,1.0,0.8846153846153846,0.8844834159359511,0.87984934086629,0.8818181818181818,0.8837209302325582,0.8444444444444444,0.8636363636363636,0.8852459016393442,0.9152542372881356,0.9,0.7616236162361624,0.7579498364231189,0.7731888276002254,0.7571454175496304,0.6473282442748092,0.8217054263565892,0.7241673783091374,0.8685714285714285,0.7246722288438617,0.7901234567901234
233,233,0.8109995217599235,2023-08-23 17:41:08.930384,2023-08-23 17:41:09.997133,0 days 00:00:01.066749,,,,,RandomForestClassifier,,,,,,,,,,,,,,,,,,,,,,,,27.0,18.0,,,,,,COMPLETE,0.0,,,,,,,,,,,,,,,,,,,,
234,234,0.8079128997764168,2023-08-23 17:41:09.240694,2023-08-23 17:41:10.241042,0 days 00:00:01.000348,,,,,RandomForestClassifier,,,,,,,,,,,,,,,,,,,,,,,,25.0,17.0,,,,,,COMPLETE,0.0,,,,,,,,,,,,,,,,,,,,
235,235,0.8202764976958525,2023-08-23 17:41:09.486149,2023-08-23 17:41:10.695224,0 days 00:00:01.209075,,,,,RandomForestClassifier,,,,,,,,,,,,,,,,,,,,,,,,27.0,17.0,,,,,,COMPLETE,0.0,,,,,,,,,,,,,,,,,,,,
236,236,0.8621212121212121,2023-08-23 17:41:10.077446,2023-08-23 17:41:12.177453,0 days 00:00:02.100007,,1.0,3.0,,LightGBM,,,,,0.4,,,,0.03551192120357301,2.430011910926698e-05,,20.0,,,,,,,,,,106.0,,,,,,,,,COMPLETE,0.0,,,,,,,,,,,,,,,,,,,,
237,237,0.8723444433953358,2023-08-23 17:41:10.306661,2023-08-23 17:41:12.674886,0 days 00:00:02.368225,,1.0,3.0,,LightGBM,,,,,0.6000000000000001,,,,0.02852865262892716,2.620480825512667e-05,,20.0,,,,,,,,,,102.0,,,,,,,,,COMPLETE,0.0,,,,,,,,,,,,,,,,,,,,
238,238,0.8518096323738957,2023-08-23 17:41:10.380586,2023-08-23 17:41:12.405276,0 days 00:00:02.024690,,1.0,3.0,,LightGBM,,,,,0.6000000000000001,,,,0.03509276713987729,2.7024352470154067e-05,,20.0,,,,,,,,,,106.0,,,,,,,,,COMPLETE,0.0,,,,,,,,,,,,,,,,,,,,
239,239,0.8810522302706825,2023-08-23 17:41:10.401630,2023-08-23 17:41:12.552760,0 days 00:00:02.151130,,1.0,3.0,,LightGBM,,,,,0.6000000000000001,,,,0.0312170202257504,2.6551040072672052e-05,,20.0,,,,,,,,,,99.0,,,,,,,,,COMPLETE,0.0,,,,,,,,,,,,,,,,,,,,
240,240,0.8612276019824628,2023-08-23 17:41:10.762585,2023-08-23 17:41:12.850067,0 days 00:00:02.087482,,1.0,3.0,,LightGBM,,,,,0.6000000000000001,,,,0.03356247970018171,2.4457993752656034e-05,,20.0,,,,,,,,,,106.0,,,,,,,,,COMPLETE,0.0,,,,,,,,,,,,,,,,,,,,
241,241,0.8621212121212121,2023-08-23 17:41:12.311389,2023-08-23 17:41:14.686160,0 days 00:00:02.374771,,1.0,3.0,,LightGBM,,,,,0.6000000000000001,,,,0.002317287097152175,2.6517697766990682e-05,,20.0,,,,,,,,,,101.0,,,,,,,,,COMPLETE,0.0,,,,,,,,,,,,,,,,,,,,
242,242,0.8602150537634409,2023-08-23 17:41:12.495732,2023-08-23 17:41:15.816539,0 days 00:00:03.320807,,1.0,3.0,,LightGBM,,,,,0.6000000000000001,,,,0.0022948505124837904,2.1199472530464086e-05,,10.0,,,,,,,,,,62.0,,,,,,,,,COMPLETE,0.0,,,,,,,,,,,,,,,,,,,,
243,243,0.8518096323738957,2023-08-23 17:41:12.667036,2023-08-23 17:41:15.123211,0 days 00:00:02.456175,,1.0,3.0,,LightGBM,,,,,0.4,,,,0.0026611438795276074,3.0185023049982838e-05,,10.0,,,,,,,,,,101.0,,,,,,,,,COMPLETE,0.0,,,,,,,,,,,,,,,,,,,,
244,244,0.852705126994618,2023-08-23 17:41:12.737898,2023-08-23 17:41:14.944095,0 days 00:00:02.206197,,1.0,3.0,,LightGBM,,,,,0.6000000000000001,,,,0.0023798157925923407,2.8735257049753057e-05,,20.0,,,,,,,,,,89.0,,,,,,,,,COMPLETE,0.0,,,,,,,,,,,,,,,,,,,,
245,245,0.8621212121212121,2023-08-23 17:41:12.969394,2023-08-23 17:41:15.243058,0 days 00:00:02.273664,,1.0,3.0,,LightGBM,,,,,0.6000000000000001,,,,0.0021951600443059034,6.26023262789014e-05,,20.0,,,,,,,,,,99.0,,,,,,,,,COMPLETE,0.0,,,,,,,,,,,,,,,,,,,,
246,246,0.8706838833094214,2023-08-23 17:41:14.791279,2023-08-23 17:41:17.662687,0 days 00:00:02.871408,,1.0,3.0,,LightGBM,,,,,0.6000000000000001,,,,0.0029539319177900743,6.311718037056462e-05,,10.0,,,,,,,,,,75.0,,,,,,,,,COMPLETE,0.0,,,,,,,,,,,,,,,,,,,,
247,247,0.8706838833094214,2023-08-23 17:41:15.059029,2023-08-23 17:41:17.830305,0 days 00:00:02.771276,,1.0,3.0,,LightGBM,,,,,0.5,,,,0.003837162287723369,1.0098451233742473e-05,,10.0,,,,,,,,,,86.0,,,,,,,,,COMPLETE,0.0,,,,,,,,,,,,,,,,,,,,
248,248,0.8308943089430895,2023-08-23 17:41:15.214464,2023-08-23 17:41:16.147693,0 days 00:00:00.933229,,0.9,3.0,,LightGBM,,,,,0.4,,,,0.026066768025455832,6.363303317916168e-05,,40.0,,,,,,,,,,2.0,,,,,,,,,COMPLETE,0.0,,,,,,,,,,,,,,,,,,,,
249,249,0.8621212121212121,2023-08-23 17:41:15.358806,2023-08-23 17:41:16.963937,0 days 00:00:01.605131,,0.9,3.0,,LightGBM,,,,,1.0,,,,0.023041245863549775,1.3477682250331645e-05,,40.0,,,,,,,,,,113.0,,,,,,,,,COMPLETE,0.0,,,,,,,,,,,,,,,,,,,,
