,number,value,datetime_start,datetime_complete,duration,params_bagging_fraction,params_bagging_freq,params_feature_fraction,params_lambda_l1,params_lambda_l2,params_min_child_samples,params_num_leaves,state,best_trial,dev_acc,dev_recall_macro,dev_precision_macro,dev_f1_macro,dev_recall_0,dev_precision_0,dev_f1_0,dev_recall_1,dev_precision_1,dev_f1_1,test_acc,test_recall_macro,test_precision_macro,test_f1_macro,test_recall_0,test_precision_0,test_f1_0,test_recall_1,test_precision_1,test_f1_1
0,0,0.6014521984671238,2023-08-23 23:15:43.962120,2023-08-23 23:15:44.247224,0 days 00:00:00.285104,0.9,2,0.6000000000000001,0.3077291999478272,0.13175211566771264,50,8,COMPLETE,0.0,,,,,,,,,,,,,,,,,,,,
1,1,0.5734375,2023-08-23 23:15:43.964067,2023-08-23 23:15:44.467552,0 days 00:00:00.503485,1.0,2,0.9,0.04049921091773163,0.0006183755291093698,50,163,COMPLETE,0.0,,,,,,,,,,,,,,,,,,,,
2,2,0.5516791979949874,2023-08-23 23:15:43.966036,2023-08-23 23:15:46.194913,0 days 00:00:02.228877,0.9,2,0.5,3.4896986744771606e-08,5.57338427364745e-07,10,206,COMPLETE,0.0,,,,,,,,,,,,,,,,,,,,
3,3,0.5815916004317536,2023-08-23 23:15:43.968547,2023-08-23 23:15:45.192966,0 days 00:00:01.224419,0.9,1,0.6000000000000001,0.384340699437684,0.007059459503602421,20,228,COMPLETE,0.0,,,,,,,,,,,,,,,,,,,,
4,4,0.5978982849211857,2023-08-23 23:15:43.971121,2023-08-23 23:15:44.810289,0 days 00:00:00.839168,1.0,3,0.8,3.70040998939635e-06,0.003751488595947687,30,105,COMPLETE,0.0,,,,,,,,,,,,,,,,,,,,
5,5,0.5815916004317536,2023-08-23 23:15:43.974297,2023-08-23 23:15:44.361178,0 days 00:00:00.386881,0.4,3,1.0,0.01175067599429259,0.20988079908101515,20,47,COMPLETE,0.0,,,,,,,,,,,,,,,,,,,,
6,6,0.5830163462526987,2023-08-23 23:15:43.977299,2023-08-23 23:15:44.143500,0 days 00:00:00.166201,1.0,2,0.6000000000000001,0.7789758615234004,0.1105123845327853,90,15,COMPLETE,0.0,,,,,,,,,,,,,,,,,,,,
7,7,0.5751633986928104,2023-08-23 23:15:43.979950,2023-08-23 23:15:44.419487,0 days 00:00:00.439537,0.5,3,0.9,0.0003546340367014187,8.770058184638828e-06,50,174,COMPLETE,0.0,,,,,,,,,,,,,,,,,,,,
8,8,0.5830163462526987,2023-08-23 23:15:44.185761,2023-08-23 23:15:44.555581,0 days 00:00:00.369820,0.4,1,0.8,0.005828907427628948,1.5381426249174525e-08,40,124,COMPLETE,0.0,,,,,,,,,,,,,,,,,,,,
9,9,0.6014521984671238,2023-08-23 23:15:44.288556,2023-08-23 23:15:44.723245,0 days 00:00:00.434689,0.9,1,0.7000000000000001,0.1853879471664008,0.0001034152757712428,70,35,COMPLETE,0.0,,,,,,,,,,,,,,,,,,,,
10,10,0.5516791979949874,2023-08-23 23:15:44.402324,2023-08-23 23:15:45.480241,0 days 00:00:01.077917,0.7000000000000001,1,0.4,0.03743189120877505,0.18655600039564077,20,45,COMPLETE,0.0,,,,,,,,,,,,,,,,,,,,
11,11,0.6388888888888888,2023-08-23 23:15:44.462641,2023-08-23 23:15:44.861036,0 days 00:00:00.398395,1.0,1,0.7000000000000001,0.5584373770275115,0.055744553881926534,70,106,COMPLETE,0.0,,,,,,,,,,,,,,,,,,,,
12,12,0.5884322678843226,2023-08-23 23:15:44.509567,2023-08-23 23:15:44.936927,0 days 00:00:00.427360,0.8,1,0.8,0.0004921791997549935,1.501651305590885e-06,70,30,COMPLETE,0.0,,,,,,,,,,,,,,,,,,,,
13,13,0.5692307692307692,2023-08-23 23:15:44.597052,2023-08-23 23:15:46.577419,0 days 00:00:01.980367,0.7000000000000001,1,0.5,4.024096968972917e-07,0.006768720582875656,10,182,COMPLETE,0.0,,,,,,,,,,,,,,,,,,,,
14,14,0.6224283985478015,2023-08-23 23:15:44.766470,2023-08-23 23:15:45.103853,0 days 00:00:00.337383,0.9,2,0.9,0.0836958071748228,0.07431454979410103,100,21,COMPLETE,0.0,,,,,,,,,,,,,,,,,,,,
15,15,0.5385235982250909,2023-08-23 23:15:44.857181,2023-08-23 23:15:45.285843,0 days 00:00:00.428662,0.6000000000000001,3,0.8,0.0010388942879912427,5.003824780331742e-05,80,95,COMPLETE,0.0,,,,,,,,,,,,,,,,,,,,
16,16,0.5099749373433584,2023-08-23 23:15:44.904194,2023-08-23 23:15:46.102350,0 days 00:00:01.198156,0.4,3,0.5,2.8273421969313886e-05,6.32195090085529e-06,10,151,COMPLETE,0.0,,,,,,,,,,,,,,,,,,,,
17,17,0.524478643916583,2023-08-23 23:15:44.979795,2023-08-23 23:15:45.392325,0 days 00:00:00.412530,0.6000000000000001,1,0.4,1.1817253265170917e-08,0.008015960150278037,100,247,COMPLETE,0.0,,,,,,,,,,,,,,,,,,,,
18,18,0.586013986013986,2023-08-23 23:15:45.145406,2023-08-23 23:15:45.721837,0 days 00:00:00.576431,0.7000000000000001,1,0.4,1.8211232354505597e-08,0.008410870946169609,100,247,COMPLETE,0.0,,,,,,,,,,,,,,,,,,,,
19,19,0.5266222081083942,2023-08-23 23:15:45.235323,2023-08-23 23:15:45.641266,0 days 00:00:00.405943,0.7000000000000001,2,0.4,1.6941441410191958e-08,0.473906990340584,100,82,COMPLETE,0.0,,,,,,,,,,,,,,,,,,,,
20,20,0.5266222081083942,2023-08-23 23:15:45.326820,2023-08-23 23:15:45.771218,0 days 00:00:00.444398,0.7000000000000001,2,0.4,1.874930874242991e-05,0.45303823927065245,100,73,COMPLETE,0.0,,,,,,,,,,,,,,,,,,,,
21,21,0.5561246265471618,2023-08-23 23:15:45.434142,2023-08-23 23:15:45.928106,0 days 00:00:00.493964,0.8,2,0.4,0.02415855004189193,0.5171637749430138,100,89,COMPLETE,0.0,,,,,,,,,,,,,,,,,,,,
22,22,0.5673262303399289,2023-08-23 23:15:45.521251,2023-08-23 23:15:46.001458,0 days 00:00:00.480207,0.8,2,1.0,0.007804986801790449,0.8252817437360911,100,69,COMPLETE,0.0,,,,,,,,,,,,,,,,,,,,
23,23,0.5772776841479133,2023-08-23 23:15:45.682561,2023-08-23 23:15:46.372614,0 days 00:00:00.690053,0.8,2,1.0,0.005605324192253224,0.025461170894245554,70,158,COMPLETE,0.0,,,,,,,,,,,,,,,,,,,,
24,24,0.6185188856944581,2023-08-23 23:15:45.813123,2023-08-23 23:15:46.427104,0 days 00:00:00.613981,0.8,2,1.0,0.07465051190114516,0.031450328217419964,70,155,COMPLETE,0.0,,,,,,,,,,,,,,,,,,,,
25,25,0.5853269537480064,2023-08-23 23:15:45.824025,2023-08-23 23:15:46.493895,0 days 00:00:00.669870,0.8,2,1.0,0.8071785599136434,0.0342965557478393,70,168,COMPLETE,0.0,,,,,,,,,,,,,,,,,,,,
26,26,0.6095383054287165,2023-08-23 23:15:45.970208,2023-08-23 23:15:46.666963,0 days 00:00:00.696755,0.8,2,1.0,0.1030902748195562,0.026079062958981974,70,161,COMPLETE,0.0,,,,,,,,,,,,,,,,,,,,
27,27,0.6471676775984373,2023-08-23 23:15:46.055548,2023-08-23 23:15:46.746689,0 days 00:00:00.691141,0.9,3,0.7000000000000001,0.6893475516424706,0.022612230885780255,70,144,COMPLETE,0.0,,,,,,,,,,,,,,,,,,,,
28,28,0.5933834586466165,2023-08-23 23:15:46.144281,2023-08-23 23:15:46.850351,0 days 00:00:00.706070,0.9,2,0.6000000000000001,0.9303935238928984,0.045247046697271864,60,19,COMPLETE,0.0,,,,,,,,,,,,,,,,,,,,
29,29,0.6224283985478015,2023-08-23 23:15:46.236991,2023-08-23 23:15:46.906958,0 days 00:00:00.669967,0.9,2,0.7000000000000001,0.9632295792263834,0.03708808978991436,60,9,COMPLETE,0.0,,,,,,,,,,,,,,,,,,,,
30,30,0.6095383054287165,2023-08-23 23:15:46.414532,2023-08-23 23:15:47.152382,0 days 00:00:00.737850,0.9,2,0.7000000000000001,0.7929194595339761,0.0436942988900729,60,18,COMPLETE,0.0,,,,,,,,,,,,,,,,,,,,
31,31,0.6176470588235294,2023-08-23 23:15:46.472027,2023-08-23 23:15:47.300014,0 days 00:00:00.827987,1.0,1,0.9,0.9369516672576748,0.04709925457219559,80,126,COMPLETE,0.0,,,,,,,,,,,,,,,,,,,,
32,32,0.6124223602484473,2023-08-23 23:15:46.547207,2023-08-23 23:15:47.234137,0 days 00:00:00.686930,1.0,1,0.9,0.05652088680128186,0.036194832606150015,80,127,COMPLETE,0.0,,,,,,,,,,,,,,,,,,,,
33,33,0.6044001233679449,2023-08-23 23:15:46.620598,2023-08-23 23:15:47.439226,0 days 00:00:00.818628,1.0,3,0.9,0.06617264682273001,0.031160218427994785,80,120,COMPLETE,0.0,,,,,,,,,,,,,,,,,,,,
34,34,0.5853269537480064,2023-08-23 23:15:46.712132,2023-08-23 23:15:47.371097,0 days 00:00:00.658965,1.0,3,0.9,0.10315193785433956,0.0011568944507967622,80,120,COMPLETE,0.0,,,,,,,,,,,,,,,,,,,,
35,35,0.5645933014354066,2023-08-23 23:15:46.793323,2023-08-23 23:15:47.482393,0 days 00:00:00.689070,1.0,3,0.7000000000000001,0.8347768705927172,0.0012377992520312198,80,125,COMPLETE,0.0,,,,,,,,,,,,,,,,,,,,
36,36,0.5884322678843226,2023-08-23 23:15:46.899308,2023-08-23 23:15:47.645773,0 days 00:00:00.746465,1.0,3,0.7000000000000001,0.2054694389117603,0.001332807415529676,80,113,COMPLETE,0.0,,,,,,,,,,,,,,,,,,,,
37,37,0.572531328320802,2023-08-23 23:15:46.954676,2023-08-23 23:15:47.582818,0 days 00:00:00.628142,1.0,3,0.9,0.1588013661832766,0.0010531186380180056,80,128,COMPLETE,0.0,,,,,,,,,,,,,,,,,,,,
38,38,0.5411764705882353,2023-08-23 23:15:47.193734,2023-08-23 23:15:47.816608,0 days 00:00:00.622874,1.0,3,0.7000000000000001,0.22288655594467122,0.0013052252773795218,80,4,COMPLETE,0.0,,,,,,,,,,,,,,,,,,,,
39,39,0.42600436400975483,2023-08-23 23:15:47.277838,2023-08-23 23:15:47.912805,0 days 00:00:00.634967,1.0,3,0.7000000000000001,0.21509847284840092,0.0013385412517657861,80,2,COMPLETE,0.0,,,,,,,,,,,,,,,,,,,,
40,40,0.6044001233679449,2023-08-23 23:15:47.344129,2023-08-23 23:15:48.288405,0 days 00:00:00.944276,0.9,3,0.7000000000000001,0.20203849303803312,0.0014783798579935442,60,8,COMPLETE,0.0,,,,,,,,,,,,,,,,,,,,
41,41,0.5012824802051967,2023-08-23 23:15:47.417344,2023-08-23 23:15:48.147999,0 days 00:00:00.730655,0.9,3,0.7000000000000001,0.23916142502755583,0.002065329841406424,40,4,COMPLETE,0.0,,,,,,,,,,,,,,,,,,,,
42,42,0.524478643916583,2023-08-23 23:15:47.523430,2023-08-23 23:15:48.100362,0 days 00:00:00.576932,0.9,3,0.6000000000000001,0.1651107817638099,0.13242565392435143,40,3,COMPLETE,0.0,,,,,,,,,,,,,,,,,,,,
43,43,0.6044001233679449,2023-08-23 23:15:47.528246,2023-08-23 23:15:48.534720,0 days 00:00:01.006474,0.9,3,0.6000000000000001,0.23775946806559942,0.14996745840339537,40,191,COMPLETE,0.0,,,,,,,,,,,,,,,,,,,,
44,44,0.5260416666666667,2023-08-23 23:15:47.635680,2023-08-23 23:15:48.202142,0 days 00:00:00.566462,0.9,2,0.6000000000000001,0.2059938034573723,0.11572721643131922,60,3,COMPLETE,0.0,,,,,,,,,,,,,,,,,,,,
45,45,0.44148869738978397,2023-08-23 23:15:47.698846,2023-08-23 23:15:48.040910,0 days 00:00:00.342064,0.9,2,0.6000000000000001,0.30913075408785023,0.112284232511078,40,2,COMPLETE,0.0,,,,,,,,,,,,,,,,,,,,
46,46,0.572531328320802,2023-08-23 23:15:47.863591,2023-08-23 23:15:48.695838,0 days 00:00:00.832247,0.9,2,0.6000000000000001,0.31755369311909687,0.1284941253709796,40,192,COMPLETE,0.0,,,,,,,,,,,,,,,,,,,,
47,47,0.572531328320802,2023-08-23 23:15:47.954511,2023-08-23 23:15:48.776879,0 days 00:00:00.822368,0.9,2,0.6000000000000001,0.31939859442770663,0.11617239715933123,40,201,COMPLETE,0.0,,,,,,,,,,,,,,,,,,,,
48,48,0.5462201927955352,2023-08-23 23:15:48.083713,2023-08-23 23:15:49.134603,0 days 00:00:01.050890,0.9,2,0.8,0.020995373267228445,0.1379409996701637,60,196,COMPLETE,0.0,,,,,,,,,,,,,,,,,,,,
49,49,0.6095383054287165,2023-08-23 23:15:48.190609,2023-08-23 23:15:49.251096,0 days 00:00:01.060487,0.9,2,0.8,0.02787115025547201,0.01273332054201474,60,198,COMPLETE,0.0,,,,,,,,,,,,,,,,,,,,
50,50,0.5933834586466165,2023-08-23 23:15:48.196755,2023-08-23 23:15:49.047369,0 days 00:00:00.850614,0.9,2,0.8,0.022157256365492897,0.24028057064688804,60,146,COMPLETE,0.0,,,,,,,,,,,,,,,,,,,,
51,51,0.580475998386446,2023-08-23 23:15:48.254563,2023-08-23 23:15:48.977266,0 days 00:00:00.722703,0.9,2,0.8,0.022152953819992653,0.009862336044343552,90,190,COMPLETE,0.0,,,,,,,,,,,,,,,,,,,,
52,52,0.580475998386446,2023-08-23 23:15:48.339667,2023-08-23 23:15:48.897398,0 days 00:00:00.557731,0.9,2,0.8,0.02698405210170426,0.014817259634448205,90,189,COMPLETE,0.0,,,,,,,,,,,,,,,,,,,,
53,53,0.6257839004831911,2023-08-23 23:15:48.576436,2023-08-23 23:15:49.193676,0 days 00:00:00.617240,0.8,2,0.8,0.018505530209022316,0.014619782743319192,90,144,COMPLETE,0.0,,,,,,,,,,,,,,,,,,,,
54,54,0.5830163462526987,2023-08-23 23:15:48.737274,2023-08-23 23:15:49.463714,0 days 00:00:00.726440,0.8,2,0.8,0.027617855673775938,0.011238804960805242,90,141,COMPLETE,0.0,,,,,,,,,,,,,,,,,,,,
55,55,0.6350877192982456,2023-08-23 23:15:48.821539,2023-08-23 23:15:49.574235,0 days 00:00:00.752696,0.8,2,0.8,0.02984331301564727,0.004487880018729733,50,142,COMPLETE,0.0,,,,,,,,,,,,,,,,,,,,
56,56,0.6185188856944581,2023-08-23 23:15:48.940327,2023-08-23 23:15:49.744845,0 days 00:00:00.804518,0.8,2,0.8,0.016736345173042965,0.003822981810843904,50,147,COMPLETE,0.0,,,,,,,,,,,,,,,,,,,,
57,57,0.5772776841479133,2023-08-23 23:15:49.025560,2023-08-23 23:15:49.884972,0 days 00:00:00.859412,0.8,1,0.8,0.06819394094125124,0.0048445250614542485,50,144,COMPLETE,0.0,,,,,,,,,,,,,,,,,,,,
58,58,0.606060606060606,2023-08-23 23:15:49.096392,2023-08-23 23:15:49.964060,0 days 00:00:00.867668,0.8,1,0.9,0.9799435142304779,0.004763951047545889,50,145,COMPLETE,0.0,,,,,,,,,,,,,,,,,,,,
59,59,0.6185188856944581,2023-08-23 23:15:49.180035,2023-08-23 23:15:50.088995,0 days 00:00:00.908960,0.8,1,0.9,0.5016765795038938,0.004010906614937124,50,141,COMPLETE,0.0,,,,,,,,,,,,,,,,,,,,
60,60,0.5978982849211857,2023-08-23 23:15:49.248872,2023-08-23 23:15:50.047700,0 days 00:00:00.798828,0.8,2,0.8,0.06543040619408157,0.0036264708300753202,50,47,COMPLETE,0.0,,,,,,,,,,,,,,,,,,,,
61,61,0.6142355889724311,2023-08-23 23:15:49.300224,2023-08-23 23:15:50.149272,0 days 00:00:00.849048,0.8,1,0.9,0.4617061892870895,0.004656496801697944,50,55,COMPLETE,0.0,,,,,,,,,,,,,,,,,,,,
62,62,0.5933834586466165,2023-08-23 23:15:49.508774,2023-08-23 23:15:50.288779,0 days 00:00:00.780005,0.8,1,1.0,0.07781485917344172,0.006829970217338425,50,54,COMPLETE,0.0,,,,,,,,,,,,,,,,,,,,
63,63,0.6224283985478015,2023-08-23 23:15:49.615998,2023-08-23 23:15:50.223287,0 days 00:00:00.607289,0.6000000000000001,1,0.7000000000000001,0.004106297409368773,0.004484879398868058,50,214,COMPLETE,0.0,,,,,,,,,,,,,,,,,,,,
64,64,0.6267942583732058,2023-08-23 23:15:49.786392,2023-08-23 23:15:50.454932,0 days 00:00:00.668540,0.6000000000000001,1,0.7000000000000001,0.5794460752814389,0.003934289267035811,50,45,COMPLETE,0.0,,,,,,,,,,,,,,,,,,,,
65,65,0.6350877192982456,2023-08-23 23:15:49.925681,2023-08-23 23:15:50.760063,0 days 00:00:00.834382,0.7000000000000001,1,0.7000000000000001,0.5005537321385011,0.06525815938957406,30,220,COMPLETE,0.0,,,,,,,,,,,,,,,,,,,,
66,66,0.6095383054287165,2023-08-23 23:15:50.006617,2023-08-23 23:15:50.687654,0 days 00:00:00.681037,0.7000000000000001,2,0.7000000000000001,0.4328408144081329,0.0182676857610004,90,49,COMPLETE,0.0,,,,,,,,,,,,,,,,,,,,
67,67,0.5908902691511387,2023-08-23 23:15:50.091356,2023-08-23 23:15:50.913663,0 days 00:00:00.822307,0.6000000000000001,2,0.7000000000000001,0.49833675549685236,0.0658834294316553,70,213,COMPLETE,0.0,,,,,,,,,,,,,,,,,,,,
68,68,0.5853269537480064,2023-08-23 23:15:50.141801,2023-08-23 23:15:50.862571,0 days 00:00:00.720770,0.6000000000000001,2,1.0,0.003597830895036958,0.06552212154171576,70,176,COMPLETE,0.0,,,,,,,,,,,,,,,,,,,,
69,69,0.5978982849211857,2023-08-23 23:15:50.196702,2023-08-23 23:15:50.961388,0 days 00:00:00.764686,0.6000000000000001,2,1.0,0.0030113403622639085,0.019335514047758098,70,104,COMPLETE,0.0,,,,,,,,,,,,,,,,,,,,
70,70,0.6306443429731101,2023-08-23 23:15:50.268900,2023-08-23 23:15:51.206402,0 days 00:00:00.937502,0.6000000000000001,1,0.7000000000000001,0.0034269673565091243,0.06134331394526738,30,218,COMPLETE,0.0,,,,,,,,,,,,,,,,,,,,
71,71,0.5692307692307692,2023-08-23 23:15:50.341708,2023-08-23 23:15:51.250260,0 days 00:00:00.908552,0.6000000000000001,1,0.7000000000000001,0.010013462076454269,0.0675984242146739,30,226,COMPLETE,0.0,,,,,,,,,,,,,,,,,,,,
72,72,0.5266222081083942,2023-08-23 23:15:50.499380,2023-08-23 23:15:51.040715,0 days 00:00:00.541335,0.5,1,0.7000000000000001,0.4810280938571041,0.07002928236679391,90,35,COMPLETE,0.0,,,,,,,,,,,,,,,,,,,,
73,73,0.5908902691511387,2023-08-23 23:15:50.729299,2023-08-23 23:15:51.414743,0 days 00:00:00.685444,0.6000000000000001,1,0.7000000000000001,0.03936978332791601,0.0639406087357087,70,37,COMPLETE,0.0,,,,,,,,,,,,,,,,,,,,
74,74,0.5884322678843226,2023-08-23 23:15:50.802411,2023-08-23 23:15:51.873716,0 days 00:00:01.071305,0.6000000000000001,1,0.7000000000000001,0.49958857463228135,0.05582849916097771,20,102,COMPLETE,0.0,,,,,,,,,,,,,,,,,,,,
75,75,0.5673262303399289,2023-08-23 23:15:50.909242,2023-08-23 23:15:51.727525,0 days 00:00:00.818283,0.6000000000000001,1,0.7000000000000001,0.12149925156470097,0.06341331847753433,30,28,COMPLETE,0.0,,,,,,,,,,,,,,,,,,,,
76,76,0.6057159521726451,2023-08-23 23:15:51.006925,2023-08-23 23:15:51.814915,0 days 00:00:00.807990,0.7000000000000001,1,0.7000000000000001,0.11227865704951126,0.0004742200929659536,30,28,COMPLETE,0.0,,,,,,,,,,,,,,,,,,,,
77,77,0.5933834586466165,2023-08-23 23:15:51.010194,2023-08-23 23:15:51.977803,0 days 00:00:00.967609,0.7000000000000001,1,0.7000000000000001,0.12234600126421047,0.2879084080739257,30,239,COMPLETE,0.0,,,,,,,,,,,,,,,,,,,,
78,78,0.6597600872410033,2023-08-23 23:15:51.089675,2023-08-23 23:15:52.202926,0 days 00:00:01.113251,0.7000000000000001,1,0.7000000000000001,0.1247601895736777,0.024410726837281835,30,23,COMPLETE,0.0,,,,,,,,,,,,,,,,,,,,
79,79,0.5848739495798319,2023-08-23 23:15:51.251301,2023-08-23 23:15:52.268330,0 days 00:00:01.017029,0.5,1,0.7000000000000001,0.14067759014569559,0.019746684434402736,20,233,COMPLETE,0.0,,,,,,,,,,,,,,,,,,,,
80,80,0.6142355889724311,2023-08-23 23:15:51.297166,2023-08-23 23:15:52.058872,0 days 00:00:00.761706,0.7000000000000001,1,0.7000000000000001,0.11446685778139597,0.2502965358471372,30,226,COMPLETE,0.0,,,,,,,,,,,,,,,,,,,,
81,81,0.6095383054287165,2023-08-23 23:15:51.456787,2023-08-23 23:15:52.113082,0 days 00:00:00.656295,0.5,1,0.7000000000000001,0.0527459245634284,0.24155619814013243,30,256,COMPLETE,0.0,,,,,,,,,,,,,,,,,,,,
82,82,0.5978982849211857,2023-08-23 23:15:51.770411,2023-08-23 23:15:52.522562,0 days 00:00:00.752151,0.5,1,0.5,0.11139705166823316,0.3212310469342197,30,228,COMPLETE,0.0,,,,,,,,,,,,,,,,,,,,
83,83,0.543859649122807,2023-08-23 23:15:51.861468,2023-08-23 23:15:53.009142,0 days 00:00:01.147674,0.5,1,0.5,0.043412269118834966,0.022465145310410647,20,167,COMPLETE,0.0,,,,,,,,,,,,,,,,,,,,
84,84,0.6257839004831911,2023-08-23 23:15:51.917569,2023-08-23 23:15:53.199770,0 days 00:00:01.282201,0.7000000000000001,1,0.8,0.05238145150686234,0.32050543160281614,20,242,COMPLETE,0.0,,,,,,,,,,,,,,,,,,,,
85,85,0.606060606060606,2023-08-23 23:15:52.019819,2023-08-23 23:15:53.150702,0 days 00:00:01.130883,0.5,1,0.8,0.045870128650806925,0.022537161551874352,20,134,COMPLETE,0.0,,,,,,,,,,,,,,,,,,,,
86,86,0.5973674022454512,2023-08-23 23:15:52.100897,2023-08-23 23:15:53.598523,0 days 00:00:01.497626,0.5,1,0.5,0.04480796436566543,0.019237132604433865,10,135,COMPLETE,0.0,,,,,,,,,,,,,,,,,,,,
87,87,0.580475998386446,2023-08-23 23:15:52.154099,2023-08-23 23:15:53.427444,0 days 00:00:01.273345,0.7000000000000001,1,0.6000000000000001,0.05182219435928973,0.02464165952115789,20,67,COMPLETE,0.0,,,,,,,,,,,,,,,,,,,,
88,88,0.5853269537480064,2023-08-23 23:15:52.250669,2023-08-23 23:15:53.369487,0 days 00:00:01.118818,0.7000000000000001,1,0.6000000000000001,0.048976975101153536,0.023146944580142395,20,68,COMPLETE,0.0,,,,,,,,,,,,,,,,,,,,
89,89,0.586013986013986,2023-08-23 23:15:52.319299,2023-08-23 23:15:52.722664,0 days 00:00:00.403365,0.7000000000000001,1,0.6000000000000001,0.0434719960544657,0.027093335640452656,100,165,COMPLETE,0.0,,,,,,,,,,,,,,,,,,,,
90,90,0.586013986013986,2023-08-23 23:15:52.564064,2023-08-23 23:15:52.852721,0 days 00:00:00.288657,0.7000000000000001,1,0.6000000000000001,0.051826763253964875,0.022133997926397992,100,66,COMPLETE,0.0,,,,,,,,,,,,,,,,,,,,
91,91,0.634375,2023-08-23 23:15:52.764528,2023-08-23 23:15:54.268852,0 days 00:00:01.504324,0.7000000000000001,1,0.8,0.32311597891380195,0.012888185264489312,10,136,COMPLETE,0.0,,,,,,,,,,,,,,,,,,,,
92,92,0.6185188856944581,2023-08-23 23:15:52.894560,2023-08-23 23:15:53.906059,0 days 00:00:01.011499,0.7000000000000001,1,0.8,0.31955326011862173,0.012241786416912034,20,134,COMPLETE,0.0,,,,,,,,,,,,,,,,,,,,
93,93,0.6102564102564102,2023-08-23 23:15:53.051038,2023-08-23 23:15:54.679358,0 days 00:00:01.628320,0.7000000000000001,1,0.8,0.010589035509162075,0.008072940374601422,10,135,COMPLETE,0.0,,,,,,,,,,,,,,,,,,,,
94,94,0.6350877192982456,2023-08-23 23:15:53.194081,2023-08-23 23:15:53.859767,0 days 00:00:00.665686,0.7000000000000001,1,0.8,0.6451215599220563,0.011660547366964674,40,21,COMPLETE,0.0,,,,,,,,,,,,,,,,,,,,
95,95,0.5566570833746406,2023-08-23 23:15:53.246245,2023-08-23 23:15:54.887795,0 days 00:00:01.641550,0.7000000000000001,1,0.8,0.014358057496894006,0.6335186910028592,10,216,COMPLETE,0.0,,,,,,,,,,,,,,,,,,,,
96,96,0.6020017662643509,2023-08-23 23:15:53.414907,2023-08-23 23:15:54.977404,0 days 00:00:01.562497,0.7000000000000001,1,0.8,0.011003015939881419,0.010808384887386667,10,114,COMPLETE,0.0,,,,,,,,,,,,,,,,,,,,
97,97,0.6176470588235294,2023-08-23 23:15:53.470452,2023-08-23 23:15:54.065862,0 days 00:00:00.595410,0.7000000000000001,1,0.8,0.30901407413802023,0.7909086009779762,40,134,COMPLETE,0.0,,,,,,,,,,,,,,,,,,,,
98,98,0.5652765626518907,2023-08-23 23:15:53.640814,2023-08-23 23:15:54.401353,0 days 00:00:00.760539,0.7000000000000001,1,0.8,0.26012822514279715,0.4779777656947221,10,20,COMPLETE,0.0,,,,,,,,,,,,,,,,,,,,
99,99,0.606060606060606,2023-08-23 23:15:53.902029,2023-08-23 23:15:54.596113,0 days 00:00:00.694084,0.7000000000000001,1,0.8,0.6141456919891807,0.009338339231689653,40,83,COMPLETE,0.0,,,,,,,,,,,,,,,,,,,,
100,100,0.6014521984671238,2023-08-23 23:15:53.948257,2023-08-23 23:15:54.792115,0 days 00:00:00.843858,0.7000000000000001,1,0.8,0.6566564514256193,0.0944556537057287,40,215,COMPLETE,0.0,,,,,,,,,,,,,,,,,,,,
101,101,0.6267942583732058,2023-08-23 23:15:54.108885,2023-08-23 23:15:54.679950,0 days 00:00:00.571065,0.7000000000000001,1,0.8,0.6081871125010753,0.037928278367935525,40,13,COMPLETE,0.0,,,,,,,,,,,,,,,,,,,,
102,102,0.5978982849211857,2023-08-23 23:15:54.309803,2023-08-23 23:15:55.381725,0 days 00:00:01.071922,0.7000000000000001,1,0.8,0.6704395469491227,0.010147687544710338,10,113,COMPLETE,0.0,,,,,,,,,,,,,,,,,,,,
103,103,0.6102564102564102,2023-08-23 23:15:54.443280,2023-08-23 23:15:55.108094,0 days 00:00:00.664814,0.6000000000000001,1,0.8,0.6080638924836025,0.007279201576474369,40,153,COMPLETE,0.0,,,,,,,,,,,,,,,,,,,,
104,104,0.606060606060606,2023-08-23 23:15:54.639342,2023-08-23 23:15:55.528153,0 days 00:00:00.888811,0.6000000000000001,1,0.8,0.6833358470697614,0.036532500649611326,40,113,COMPLETE,0.0,,,,,,,,,,,,,,,,,,,,
105,105,0.6014521984671238,2023-08-23 23:15:54.772825,2023-08-23 23:15:55.652376,0 days 00:00:00.879551,0.6000000000000001,1,0.7000000000000001,0.7047139856538279,0.0384046763328167,40,114,COMPLETE,0.0,,,,,,,,,,,,,,,,,,,,
106,106,0.6142355889724311,2023-08-23 23:15:54.779142,2023-08-23 23:15:55.765635,0 days 00:00:00.986493,0.6000000000000001,1,0.7000000000000001,0.7595975729401574,0.03891784625774159,40,11,COMPLETE,0.0,,,,,,,,,,,,,,,,,,,,
107,107,0.6176470588235294,2023-08-23 23:15:54.843616,2023-08-23 23:15:55.707273,0 days 00:00:00.863657,0.6000000000000001,1,0.7000000000000001,0.820871344372026,0.037495569417096086,40,12,COMPLETE,0.0,,,,,,,,,,,,,,,,,,,,
108,108,0.6014521984671238,2023-08-23 23:15:54.931716,2023-08-23 23:15:55.854397,0 days 00:00:00.922681,0.6000000000000001,1,0.7000000000000001,0.7048838570807172,0.039784388880569566,40,14,COMPLETE,0.0,,,,,,,,,,,,,,,,,,,,
109,109,0.6224119320969482,2023-08-23 23:15:55.025379,2023-08-23 23:15:55.895878,0 days 00:00:00.870499,0.6000000000000001,1,0.7000000000000001,0.6979941276886659,0.03776352196188059,40,14,COMPLETE,0.0,,,,,,,,,,,,,,,,,,,,
110,110,0.5853269537480064,2023-08-23 23:15:55.151219,2023-08-23 23:15:55.981157,0 days 00:00:00.829938,0.8,1,0.7000000000000001,0.36825048112962055,0.03834222914868589,40,11,COMPLETE,0.0,,,,,,,,,,,,,,,,,,,,
111,111,0.6475279106858054,2023-08-23 23:15:55.424509,2023-08-23 23:15:56.099631,0 days 00:00:00.675122,0.8,1,0.7000000000000001,0.36407832932698364,0.048737896962817065,30,11,COMPLETE,0.0,,,,,,,,,,,,,,,,,,,,
112,112,0.5933834586466165,2023-08-23 23:15:55.569971,2023-08-23 23:15:56.292163,0 days 00:00:00.722192,0.8,1,0.7000000000000001,0.3774942760965912,0.013124890291540353,30,16,COMPLETE,0.0,,,,,,,,,,,,,,,,,,,,
113,113,0.6391394864677308,2023-08-23 23:15:55.694674,2023-08-23 23:15:56.628724,0 days 00:00:00.934050,0.8,1,0.7000000000000001,0.1821296494453677,0.03415676448821199,30,10,COMPLETE,0.0,,,,,,,,,,,,,,,,,,,,
114,114,0.6185188856944581,2023-08-23 23:15:55.753366,2023-08-23 23:15:56.934076,0 days 00:00:01.180710,0.8,1,0.7000000000000001,0.16179053397259846,0.01581257194222579,30,160,COMPLETE,0.0,,,,,,,,,,,,,,,,,,,,
115,115,0.5645933014354066,2023-08-23 23:15:55.824648,2023-08-23 23:15:57.211079,0 days 00:00:01.386431,0.8,1,0.7000000000000001,0.17794635286660634,0.014394558068110927,30,24,COMPLETE,0.0,,,,,,,,,,,,,,,,,,,,
116,116,0.6095383054287165,2023-08-23 23:15:55.937678,2023-08-23 23:15:56.809241,0 days 00:00:00.871563,0.8,1,0.9,0.3711836619706564,0.014548133394966916,30,25,COMPLETE,0.0,,,,,,,,,,,,,,,,,,,,
117,117,0.6307692307692307,2023-08-23 23:15:55.941433,2023-08-23 23:15:57.106807,0 days 00:00:01.165374,0.8,1,0.9,0.381335541668086,0.1779535094163069,30,24,COMPLETE,0.0,,,,,,,,,,,,,,,,,,,,
118,118,0.6434045986284792,2023-08-23 23:15:56.025569,2023-08-23 23:15:56.986867,0 days 00:00:00.961298,0.7000000000000001,1,0.8,0.18261565550478295,0.1684659149249195,30,24,COMPLETE,0.0,,,,,,,,,,,,,,,,,,,,
119,119,0.5815916004317536,2023-08-23 23:15:56.145489,2023-08-23 23:15:57.153647,0 days 00:00:01.008158,0.8,1,0.7000000000000001,0.3836365545008464,0.015046611092209984,30,35,COMPLETE,0.0,,,,,,,,,,,,,,,,,,,,
120,120,0.580475998386446,2023-08-23 23:15:56.334512,2023-08-23 23:15:56.881538,0 days 00:00:00.547026,0.8,1,0.7000000000000001,0.1893869746356806,0.09319535896140732,50,24,COMPLETE,0.0,,,,,,,,,,,,,,,,,,,,
121,121,0.59375,2023-08-23 23:15:56.672245,2023-08-23 23:15:57.420900,0 days 00:00:00.748655,0.8,1,0.7000000000000001,0.19895995339159217,0.08432241324248861,30,36,COMPLETE,0.0,,,,,,,,,,,,,,,,,,,,
122,122,0.5772776841479133,2023-08-23 23:15:56.852954,2023-08-23 23:15:57.853626,0 days 00:00:01.000672,0.8,1,0.7000000000000001,0.1422194407063531,0.07465007286357336,30,33,COMPLETE,0.0,,,,,,,,,,,,,,,,,,,,
123,123,0.6020017662643509,2023-08-23 23:15:56.926715,2023-08-23 23:15:58.143850,0 days 00:00:01.217135,1.0,1,0.7000000000000001,0.2535181853684347,0.052006019698243644,30,33,COMPLETE,0.0,,,,,,,,,,,,,,,,,,,,
124,124,0.6020017662643509,2023-08-23 23:15:56.983870,2023-08-23 23:15:58.239496,0 days 00:00:01.255626,1.0,1,0.7000000000000001,0.24302279277864147,0.17503367434719289,30,32,COMPLETE,0.0,,,,,,,,,,,,,,,,,,,,
125,125,0.606060606060606,2023-08-23 23:15:57.030885,2023-08-23 23:15:58.313957,0 days 00:00:01.283072,1.0,1,0.7000000000000001,0.0840543068055966,0.18274690016794445,30,39,COMPLETE,0.0,,,,,,,,,,,,,,,,,,,,
126,126,0.5933834586466165,2023-08-23 23:15:57.193576,2023-08-23 23:15:58.357597,0 days 00:00:01.164021,0.8,1,0.9,0.08966875543536863,0.1660581225843833,30,42,COMPLETE,0.0,,,,,,,,,,,,,,,,,,,,
127,127,0.5933834586466165,2023-08-23 23:15:57.201480,2023-08-23 23:15:57.949508,0 days 00:00:00.748028,0.8,1,0.9,0.239360915455283,0.0992947944907931,30,39,COMPLETE,0.0,,,,,,,,,,,,,,,,,,,,
128,128,0.530827067669173,2023-08-23 23:15:57.264459,2023-08-23 23:15:58.600807,0 days 00:00:01.336348,1.0,1,0.9,0.26484437209152467,0.12824429518505173,30,32,COMPLETE,0.0,,,,,,,,,,,,,,,,,,,,
129,129,0.5326797385620915,2023-08-23 23:15:57.468350,2023-08-23 23:15:58.485215,0 days 00:00:01.016865,1.0,1,0.7000000000000001,0.2488454524967733,0.17172810132744376,30,40,COMPLETE,0.0,,,,,,,,,,,,,,,,,,,,
130,130,0.606060606060606,2023-08-23 23:15:57.896093,2023-08-23 23:15:58.842268,0 days 00:00:00.946175,1.0,1,0.7000000000000001,0.326974790682469,0.18397737631909666,30,39,COMPLETE,0.0,,,,,,,,,,,,,,,,,,,,
131,131,0.6014521984671238,2023-08-23 23:15:57.993017,2023-08-23 23:15:58.713882,0 days 00:00:00.720865,1.0,1,0.7000000000000001,0.07751853323205365,0.1583961388426272,60,20,COMPLETE,0.0,,,,,,,,,,,,,,,,,,,,
132,132,0.5772776841479133,2023-08-23 23:15:58.189228,2023-08-23 23:15:58.953249,0 days 00:00:00.764021,0.7000000000000001,1,0.7000000000000001,0.09436427861139421,0.13730911784431438,60,94,COMPLETE,0.0,,,,,,,,,,,,,,,,,,,,
133,133,0.5487179487179487,2023-08-23 23:15:58.288783,2023-08-23 23:15:59.170565,0 days 00:00:00.881782,0.7000000000000001,3,0.7000000000000001,0.10501870595338515,0.1745097665340274,60,43,COMPLETE,0.0,,,,,,,,,,,,,,,,,,,,
134,134,0.6095383054287165,2023-08-23 23:15:58.400590,2023-08-23 23:15:59.323672,0 days 00:00:00.923082,0.7000000000000001,1,0.6000000000000001,0.43128273057480443,0.0028851935950401524,60,20,COMPLETE,0.0,,,,,,,,,,,,,,,,,,,,
135,135,0.6014521984671238,2023-08-23 23:15:58.409752,2023-08-23 23:15:59.274169,0 days 00:00:00.864417,0.7000000000000001,3,0.6000000000000001,0.9949431347435732,0.14301933622273794,60,179,COMPLETE,0.0,,,,,,,,,,,,,,,,,,,,
136,136,0.5964052287581698,2023-08-23 23:15:58.530687,2023-08-23 23:15:59.406204,0 days 00:00:00.875517,0.7000000000000001,3,0.7000000000000001,0.38568622309308553,0.006391181280259526,60,7,COMPLETE,0.0,,,,,,,,,,,,,,,,,,,,
137,137,0.5385235982250909,2023-08-23 23:15:58.646525,2023-08-23 23:15:59.804167,0 days 00:00:01.157642,0.7000000000000001,3,0.6000000000000001,0.3688682685705403,0.002925188951148483,20,94,COMPLETE,0.0,,,,,,,,,,,,,,,,,,,,
138,138,0.5645933014354066,2023-08-23 23:15:58.768221,2023-08-23 23:15:59.516077,0 days 00:00:00.747856,0.7000000000000001,3,0.8,0.504467017998629,0.049443556503199614,50,7,COMPLETE,0.0,,,,,,,,,,,,,,,,,,,,
139,139,0.6014521984671238,2023-08-23 23:15:58.891915,2023-08-23 23:15:59.639164,0 days 00:00:00.747249,0.7000000000000001,3,0.8,0.4733923666158769,0.026646640866238046,50,7,COMPLETE,0.0,,,,,,,,,,,,,,,,,,,,
140,140,0.6095383054287165,2023-08-23 23:15:58.995666,2023-08-23 23:15:59.577202,0 days 00:00:00.581536,0.7000000000000001,3,0.8,0.9811866941946108,0.049069725256441245,50,6,COMPLETE,0.0,,,,,,,,,,,,,,,,,,,,
141,141,0.6224283985478015,2023-08-23 23:15:59.212216,2023-08-23 23:15:59.853840,0 days 00:00:00.641624,0.7000000000000001,1,0.8,0.9234919167535314,0.026849492042095777,50,7,COMPLETE,0.0,,,,,,,,,,,,,,,,,,,,
142,142,0.6204775310186633,2023-08-23 23:15:59.317335,2023-08-23 23:16:00.139071,0 days 00:00:00.821736,0.7000000000000001,1,0.8,0.4574546152078223,0.0059088096840659,50,6,COMPLETE,0.0,,,,,,,,,,,,,,,,,,,,
143,143,0.606060606060606,2023-08-23 23:15:59.366739,2023-08-23 23:16:00.322434,0 days 00:00:00.955695,0.7000000000000001,1,0.8,0.5280120926680851,0.048158242702260205,50,27,COMPLETE,0.0,,,,,,,,,,,,,,,,,,,,
144,144,0.6185188856944581,2023-08-23 23:15:59.450432,2023-08-23 23:16:00.397287,0 days 00:00:00.946855,0.7000000000000001,1,0.8,0.5066705673933486,0.02940618589871267,50,58,COMPLETE,0.0,,,,,,,,,,,,,,,,,,,,
145,145,0.606060606060606,2023-08-23 23:15:59.558903,2023-08-23 23:16:00.811638,0 days 00:00:01.252735,0.7000000000000001,1,0.8,0.17082161811583757,0.031072190331635153,20,60,COMPLETE,0.0,,,,,,,,,,,,,,,,,,,,
146,146,0.6267942583732058,2023-08-23 23:15:59.623528,2023-08-23 23:16:00.894473,0 days 00:00:01.270945,0.7000000000000001,1,0.8,0.4777116684021159,0.02901098657277749,20,221,COMPLETE,0.0,,,,,,,,,,,,,,,,,,,,
147,147,0.5645933014354066,2023-08-23 23:15:59.683168,2023-08-23 23:16:01.144923,0 days 00:00:01.461755,0.9,1,0.8,0.15299105896374313,0.09011032600917539,20,208,COMPLETE,0.0,,,,,,,,,,,,,,,,,,,,
148,148,0.5853269537480064,2023-08-23 23:15:59.845730,2023-08-23 23:16:00.577799,0 days 00:00:00.732069,0.8,1,0.8,0.17033849650028643,0.006014826329429762,50,150,COMPLETE,0.0,,,,,,,,,,,,,,,,,,,,
149,149,0.6014521984671238,2023-08-23 23:15:59.894963,2023-08-23 23:16:01.021332,0 days 00:00:01.126369,0.8,1,0.8,0.16369687146819598,0.006635566263178276,20,151,COMPLETE,0.0,,,,,,,,,,,,,,,,,,,,
150,150,0.580475998386446,2023-08-23 23:16:00.180973,2023-08-23 23:16:01.232302,0 days 00:00:01.051329,0.8,1,0.8,0.14922653272247344,0.058934787772417715,20,150,COMPLETE,0.0,,,,,,,,,,,,,,,,,,,,
151,151,0.6142355889724311,2023-08-23 23:16:00.364341,2023-08-23 23:16:01.539146,0 days 00:00:01.174805,0.8,2,0.8,0.154487078279371,0.008834717012330733,20,148,COMPLETE,0.0,,,,,,,,,,,,,,,,,,,,
152,152,0.6434045986284792,2023-08-23 23:16:00.445859,2023-08-23 23:16:01.480951,0 days 00:00:01.035092,0.8,2,0.8,0.15819220919594276,0.008931942961478739,20,148,COMPLETE,0.0,,,,,,,,,,,,,,,,,,,,
153,153,0.5566570833746406,2023-08-23 23:16:00.620188,2023-08-23 23:16:01.761120,0 days 00:00:01.140932,0.8,2,0.8,0.03171865180899685,0.009403514913386469,20,121,COMPLETE,0.0,,,,,,,,,,,,,,,,,,,,
154,154,0.5407712687665588,2023-08-23 23:16:00.855055,2023-08-23 23:16:02.013868,0 days 00:00:01.158813,0.8,2,0.8,0.005900591736054995,0.009053677946285053,20,204,COMPLETE,0.0,,,,,,,,,,,,,,,,,,,,
155,155,0.5978982849211857,2023-08-23 23:16:00.936004,2023-08-23 23:16:01.626206,0 days 00:00:00.690202,0.9,1,0.9,0.14618770998403802,0.07905726429685789,70,220,COMPLETE,0.0,,,,,,,,,,,,,,,,,,,,
156,156,0.606060606060606,2023-08-23 23:16:01.063328,2023-08-23 23:16:01.693169,0 days 00:00:00.629841,0.9,1,0.7000000000000001,0.3024686951310594,0.08067352502072621,70,78,COMPLETE,0.0,,,,,,,,,,,,,,,,,,,,
157,157,0.6185188856944581,2023-08-23 23:16:01.186305,2023-08-23 23:16:01.931674,0 days 00:00:00.745369,0.9,1,0.7000000000000001,0.28735915203251206,0.06934065002799379,70,230,COMPLETE,0.0,,,,,,,,,,,,,,,,,,,,
158,158,0.5964052287581698,2023-08-23 23:16:01.275181,2023-08-23 23:16:01.805492,0 days 00:00:00.530311,0.8,2,0.8,0.0317353947687532,0.01744608999609036,90,222,COMPLETE,0.0,,,,,,,,,,,,,,,,,,,,
159,159,0.6095383054287165,2023-08-23 23:16:01.523357,2023-08-23 23:16:02.420609,0 days 00:00:00.897252,0.9,2,0.8,0.3190564706308291,0.009776235266970123,70,224,COMPLETE,0.0,,,,,,,,,,,,,,,,,,,,
160,160,0.6224283985478015,2023-08-23 23:16:01.583141,2023-08-23 23:16:02.517558,0 days 00:00:00.934417,0.9,1,0.7000000000000001,0.27360467156518875,0.01795366286689961,70,222,COMPLETE,0.0,,,,,,,,,,,,,,,,,,,,
161,161,0.6185188856944581,2023-08-23 23:16:01.676695,2023-08-23 23:16:03.093863,0 days 00:00:01.417168,0.8,1,0.7000000000000001,0.32285033803051766,0.01785454871870165,30,206,COMPLETE,0.0,,,,,,,,,,,,,,,,,,,,
162,162,0.6095383054287165,2023-08-23 23:16:01.750817,2023-08-23 23:16:02.597163,0 days 00:00:00.846346,0.4,2,0.7000000000000001,0.6283877912028435,0.010852210869766345,30,204,COMPLETE,0.0,,,,,,,,,,,,,,,,,,,,
163,163,0.6102564102564102,2023-08-23 23:16:01.847242,2023-08-23 23:16:02.856559,0 days 00:00:01.009317,0.7000000000000001,1,0.7000000000000001,0.27717759224453115,0.018956899123451384,30,205,COMPLETE,0.0,,,,,,,,,,,,,,,,,,,,
164,164,0.6102564102564102,2023-08-23 23:16:01.849190,2023-08-23 23:16:02.921758,0 days 00:00:01.072568,0.7000000000000001,1,0.7000000000000001,0.27072088734715016,0.020315256828958517,30,204,COMPLETE,0.0,,,,,,,,,,,,,,,,,,,,
165,165,0.6142355889724311,2023-08-23 23:16:01.977454,2023-08-23 23:16:02.796387,0 days 00:00:00.818933,0.7000000000000001,1,0.7000000000000001,0.5663478093046709,0.022425231091198712,30,19,COMPLETE,0.0,,,,,,,,,,,,,,,,,,,,
166,166,0.6224119320969482,2023-08-23 23:16:02.056500,2023-08-23 23:16:02.967056,0 days 00:00:00.910556,0.7000000000000001,1,0.7000000000000001,0.6712513124718058,0.017450094827265072,30,139,COMPLETE,0.0,,,,,,,,,,,,,,,,,,,,
167,167,0.6350877192982456,2023-08-23 23:16:02.463848,2023-08-23 23:16:03.305163,0 days 00:00:00.841315,0.7000000000000001,1,0.7000000000000001,0.6075098511070773,0.019582003059757,30,138,COMPLETE,0.0,,,,,,,,,,,,,,,,,,,,
168,168,0.5751633986928104,2023-08-23 23:16:02.560236,2023-08-23 23:16:03.439790,0 days 00:00:00.879554,0.8,2,0.8,0.5897112170638035,0.013111881454862058,30,131,COMPLETE,0.0,,,,,,,,,,,,,,,,,,,,
169,169,0.6057159521726451,2023-08-23 23:16:02.640324,2023-08-23 23:16:03.495861,0 days 00:00:00.855537,0.8,2,0.8,0.014428345006220061,0.019730271254479313,30,156,COMPLETE,0.0,,,,,,,,,,,,,,,,,,,,
170,170,0.5933834586466165,2023-08-23 23:16:02.839564,2023-08-23 23:16:04.099008,0 days 00:00:01.259444,0.8,2,0.8,0.07846175738095676,0.029183773141924236,30,138,COMPLETE,0.0,,,,,,,,,,,,,,,,,,,,
171,171,0.6185188856944581,2023-08-23 23:16:02.903057,2023-08-23 23:16:03.839212,0 days 00:00:00.936155,0.8,2,0.8,0.07961134856830016,0.029777278819204386,40,141,COMPLETE,0.0,,,,,,,,,,,,,,,,,,,,
172,172,0.6307692307692307,2023-08-23 23:16:03.013867,2023-08-23 23:16:03.924153,0 days 00:00:00.910286,0.8,2,0.8,0.08944277877293898,0.03223962238774671,40,144,COMPLETE,0.0,,,,,,,,,,,,,,,,,,,,
173,173,0.606060606060606,2023-08-23 23:16:03.020622,2023-08-23 23:16:04.017494,0 days 00:00:00.996872,0.8,2,0.8,0.020906430803128432,0.030554769630902524,40,130,COMPLETE,0.0,,,,,,,,,,,,,,,,,,,,
174,174,0.5897435897435898,2023-08-23 23:16:03.138665,2023-08-23 23:16:05.131950,0 days 00:00:01.993285,0.8,2,0.8,0.06573331027641924,0.029619025194180703,10,140,COMPLETE,0.0,,,,,,,,,,,,,,,,,,,,
175,175,0.6185188856944581,2023-08-23 23:16:03.354547,2023-08-23 23:16:04.191857,0 days 00:00:00.837310,0.7000000000000001,1,0.7000000000000001,0.0016277978575814092,0.030079342078118538,40,140,COMPLETE,0.0,,,,,,,,,,,,,,,,,,,,
176,176,0.580475998386446,2023-08-23 23:16:03.484440,2023-08-23 23:16:04.995317,0 days 00:00:01.510877,0.7000000000000001,1,0.9,0.9533052785772195,0.04916467047873646,10,126,COMPLETE,0.0,,,,,,,,,,,,,,,,,,,,
177,177,0.5692307692307692,2023-08-23 23:16:03.540587,2023-08-23 23:16:04.812723,0 days 00:00:01.272136,0.7000000000000001,1,0.9,0.9737616810238003,0.03512303262208046,10,140,COMPLETE,0.0,,,,,,,,,,,,,,,,,,,,
178,178,0.5964052287581698,2023-08-23 23:16:03.882587,2023-08-23 23:16:04.719195,0 days 00:00:00.836608,0.7000000000000001,1,0.7000000000000001,0.9880637670968981,0.045184027691528766,10,16,COMPLETE,0.0,,,,,,,,,,,,,,,,,,,,
179,179,0.634375,2023-08-23 23:16:03.967269,2023-08-23 23:16:04.864757,0 days 00:00:00.897488,0.7000000000000001,1,0.7000000000000001,0.9991466183364376,0.05107621177813303,40,126,COMPLETE,0.0,,,,,,,,,,,,,,,,,,,,
180,180,0.6350877192982456,2023-08-23 23:16:04.066008,2023-08-23 23:16:04.654118,0 days 00:00:00.588110,0.7000000000000001,1,0.7000000000000001,0.4411858087253642,0.04640034935613909,40,139,COMPLETE,0.0,,,,,,,,,,,,,,,,,,,,
181,181,0.6259356469330222,2023-08-23 23:16:04.143461,2023-08-23 23:16:04.941943,0 days 00:00:00.798482,0.7000000000000001,1,0.7000000000000001,0.9815662314094524,0.04890397880553926,40,15,COMPLETE,0.0,,,,,,,,,,,,,,,,,,,,
182,182,0.6267942583732058,2023-08-23 23:16:04.240643,2023-08-23 23:16:05.074939,0 days 00:00:00.834296,0.7000000000000001,1,0.7000000000000001,0.43992004492421144,0.04385043810364979,40,234,COMPLETE,0.0,,,,,,,,,,,,,,,,,,,,
183,183,0.6461553416933994,2023-08-23 23:16:04.698571,2023-08-23 23:16:06.051580,0 days 00:00:01.353009,0.7000000000000001,1,0.7000000000000001,0.9936935879422681,0.05533033348376151,40,125,COMPLETE,0.0,,,,,,,,,,,,,,,,,,,,
184,184,0.6350877192982456,2023-08-23 23:16:04.762693,2023-08-23 23:16:05.931477,0 days 00:00:01.168784,0.6000000000000001,1,0.7000000000000001,0.11462357056839004,0.04930515176049383,40,123,COMPLETE,0.0,,,,,,,,,,,,,,,,,,,,
185,185,0.5964052287581698,2023-08-23 23:16:04.863021,2023-08-23 23:16:05.982320,0 days 00:00:01.119299,0.6000000000000001,1,0.7000000000000001,0.2121181407254456,0.05682388778187387,40,128,COMPLETE,0.0,,,,,,,,,,,,,,,,,,,,
186,186,0.6434045986284792,2023-08-23 23:16:04.910131,2023-08-23 23:16:05.698030,0 days 00:00:00.787899,0.7000000000000001,1,0.7000000000000001,0.0002913521804188254,0.05641146734532351,40,124,COMPLETE,0.0,,,,,,,,,,,,,,,,,,,,
187,187,0.6350877192982456,2023-08-23 23:16:04.992770,2023-08-23 23:16:05.763496,0 days 00:00:00.770726,0.6000000000000001,1,0.7000000000000001,0.22072359934807134,0.10834993588487958,40,126,COMPLETE,0.0,,,,,,,,,,,,,,,,,,,,
188,188,0.6471676775984373,2023-08-23 23:16:05.051588,2023-08-23 23:16:05.877845,0 days 00:00:00.826257,0.6000000000000001,1,0.7000000000000001,0.4146087729425369,0.09200694966818283,40,172,COMPLETE,0.0,,,,,,,,,,,,,,,,,,,,
189,189,0.6142355889724311,2023-08-23 23:16:05.123874,2023-08-23 23:16:06.185667,0 days 00:00:01.061793,0.7000000000000001,1,0.7000000000000001,0.20128102548890903,0.10920537471060278,40,144,COMPLETE,0.0,,,,,,,,,,,,,,,,,,,,
190,190,0.5594997983057685,2023-08-23 23:16:05.202174,2023-08-23 23:16:05.811907,0 days 00:00:00.609733,0.6000000000000001,1,0.7000000000000001,0.0001401479847483379,0.002094027098034109,40,171,COMPLETE,0.0,,,,,,,,,,,,,,,,,,,,
191,191,0.6176470588235294,2023-08-23 23:16:05.740859,2023-08-23 23:16:06.781953,0 days 00:00:01.041094,0.6000000000000001,1,0.7000000000000001,0.00018510626566753678,0.10001052869667054,40,120,COMPLETE,0.0,,,,,,,,,,,,,,,,,,,,
192,192,0.6095383054287165,2023-08-23 23:16:05.806852,2023-08-23 23:16:06.929211,0 days 00:00:01.122359,0.6000000000000001,1,0.7000000000000001,0.0003490203635415408,0.10638035937970455,40,120,COMPLETE,0.0,,,,,,,,,,,,,,,,,,,,
193,193,0.6267942583732058,2023-08-23 23:16:05.863257,2023-08-23 23:16:07.118709,0 days 00:00:01.255452,0.7000000000000001,1,0.7000000000000001,0.0006890467083791507,0.11045519510870581,40,118,COMPLETE,0.0,,,,,,,,,,,,,,,,,,,,
194,194,0.6267942583732058,2023-08-23 23:16:05.923051,2023-08-23 23:16:06.977178,0 days 00:00:01.054127,0.7000000000000001,1,0.7000000000000001,0.21318120992807826,0.0899361522090807,40,123,COMPLETE,0.0,,,,,,,,,,,,,,,,,,,,
195,195,0.6350877192982456,2023-08-23 23:16:05.973999,2023-08-23 23:16:06.868369,0 days 00:00:00.894370,0.6000000000000001,1,0.7000000000000001,0.22215232875317564,0.1084600557862333,40,124,COMPLETE,0.0,,,,,,,,,,,,,,,,,,,,
196,196,0.6020017662643509,2023-08-23 23:16:06.032905,2023-08-23 23:16:06.736484,0 days 00:00:00.703579,0.6000000000000001,1,0.7000000000000001,0.11701201162207177,0.11389671062601892,40,121,COMPLETE,0.0,,,,,,,,,,,,,,,,,,,,
197,197,0.6095383054287165,2023-08-23 23:16:06.094938,2023-08-23 23:16:07.186998,0 days 00:00:01.092060,0.6000000000000001,1,0.7000000000000001,0.001060422659805785,0.10471144112197928,40,117,COMPLETE,0.0,,,,,,,,,,,,,,,,,,,,
198,198,0.6257839004831911,2023-08-23 23:16:06.244783,2023-08-23 23:16:07.039426,0 days 00:00:00.794643,0.6000000000000001,1,0.7000000000000001,0.39845880141738216,0.10328749324235714,40,119,COMPLETE,0.0,,,,,,,,,,,,,,,,,,,,
199,199,0.6267942583732058,2023-08-23 23:16:06.780712,2023-08-23 23:16:07.869316,0 days 00:00:01.088604,0.7000000000000001,1,0.7000000000000001,1.5022914512041925e-05,0.2746589332177062,40,122,COMPLETE,0.0,,,,,,,,,,,,,,,,,,,,
200,200,0.6142355889724311,2023-08-23 23:16:06.828781,2023-08-23 23:16:08.098168,0 days 00:00:01.269387,0.7000000000000001,1,0.7000000000000001,1.2953301610170278e-05,0.07430422206419268,40,132,COMPLETE,0.0,,,,,,,,,,,,,,,,,,,,
201,201,0.5933834586466165,2023-08-23 23:16:06.914232,2023-08-23 23:16:07.942792,0 days 00:00:01.028560,0.6000000000000001,1,0.7000000000000001,2.678518778728893e-05,0.07241501690235928,40,117,COMPLETE,0.0,,,,,,,,,,,,,,,,,,,,
202,202,0.5933834586466165,2023-08-23 23:16:06.973256,2023-08-23 23:16:08.197766,0 days 00:00:01.224510,0.6000000000000001,1,0.7000000000000001,5.027052195862699e-06,0.07370237242386274,40,125,COMPLETE,0.0,,,,,,,,,,,,,,,,,,,,
203,203,0.5853269537480064,2023-08-23 23:16:07.025260,2023-08-23 23:16:07.984559,0 days 00:00:00.959299,0.6000000000000001,1,0.7000000000000001,1.675204962514602e-05,0.06847217560645003,40,107,COMPLETE,0.0,,,,,,,,,,,,,,,,,,,,
204,204,0.5853269537480064,2023-08-23 23:16:07.087513,2023-08-23 23:16:08.034398,0 days 00:00:00.946885,0.6000000000000001,1,0.7000000000000001,0.6622171819721483,0.06422368918799659,40,132,COMPLETE,0.0,,,,,,,,,,,,,,,,,,,,
205,205,0.6517503805175038,2023-08-23 23:16:07.167856,2023-08-23 23:16:08.250797,0 days 00:00:01.082941,0.6000000000000001,1,0.7000000000000001,0.62211655544212,0.3332990130852019,40,104,COMPLETE,0.0,,,,,,,,,,,,,,,,,,,,
206,206,0.5978982849211857,2023-08-23 23:16:07.236196,2023-08-23 23:16:08.150210,0 days 00:00:00.914014,0.6000000000000001,1,0.7000000000000001,0.6236223887887578,0.061697704575768404,40,109,COMPLETE,0.0,,,,,,,,,,,,,,,,,,,,
207,207,0.6267942583732058,2023-08-23 23:16:07.911687,2023-08-23 23:16:08.912164,0 days 00:00:01.000477,0.6000000000000001,1,0.7000000000000001,0.6320557275352564,0.06193263490814307,40,107,COMPLETE,0.0,,,,,,,,,,,,,,,,,,,,
208,208,0.6142355889724311,2023-08-23 23:16:08.027747,2023-08-23 23:16:09.382361,0 days 00:00:01.354614,0.7000000000000001,1,0.7000000000000001,0.40436725524534484,0.2270861499232741,30,133,COMPLETE,0.0,,,,,,,,,,,,,,,,,,,,
209,209,0.6267942583732058,2023-08-23 23:16:08.035000,2023-08-23 23:16:09.381923,0 days 00:00:01.346923,0.7000000000000001,1,0.7000000000000001,0.4008451682996146,0.26658747208362416,30,129,COMPLETE,0.0,,,,,,,,,,,,,,,,,,,,
210,210,0.6546875,2023-08-23 23:16:08.086509,2023-08-23 23:16:09.187236,0 days 00:00:01.100727,0.7000000000000001,1,0.7000000000000001,0.3897611743205771,0.370137965151341,30,126,COMPLETE,0.0,,,,,,,,,,,,,,,,,,,,
211,211,0.6434045986284792,2023-08-23 23:16:08.147644,2023-08-23 23:16:09.267433,0 days 00:00:01.119789,0.7000000000000001,1,0.7000000000000001,0.4010931430590646,0.24617690701235342,30,108,COMPLETE,0.0,,,,,,,,,,,,,,,,,,,,
212,212,0.6601307189542484,2023-08-23 23:16:08.249151,2023-08-23 23:16:09.328257,0 days 00:00:01.079106,0.7000000000000001,1,0.7000000000000001,0.3923616155138539,0.35218825153792616,30,126,COMPLETE,1.0,0.6923076923076923,0.658787647731605,0.6914942528735633,0.6601307189542484,0.46511627906976744,0.6896551724137931,0.5555555555555556,0.8524590163934426,0.6933333333333334,0.7647058823529411,0.5269372693726937,0.5210905125408942,0.5240759275580984,0.50856380146669,0.3450381679389313,0.5159817351598174,0.4135407136322049,0.6971428571428572,0.5321701199563795,0.603586889301175
213,213,0.6512820512820513,2023-08-23 23:16:08.304288,2023-08-23 23:16:09.113083,0 days 00:00:00.808795,0.7000000000000001,1,0.7000000000000001,0.4605585968911914,0.2505206108980625,40,101,COMPLETE,0.0,,,,,,,,,,,,,,,,,,,,
214,214,0.6267942583732058,2023-08-23 23:16:08.312237,2023-08-23 23:16:09.054133,0 days 00:00:00.741896,0.7000000000000001,1,0.7000000000000001,0.43293424147452236,0.2386733316945521,40,129,COMPLETE,0.0,,,,,,,,,,,,,,,,,,,,
215,215,0.6267942583732058,2023-08-23 23:16:08.954478,2023-08-23 23:16:09.626126,0 days 00:00:00.671648,0.7000000000000001,1,0.7000000000000001,0.41141105342363954,0.21733805612154464,40,102,COMPLETE,0.0,,,,,,,,,,,,,,,,,,,,
216,216,0.6307692307692307,2023-08-23 23:16:09.096457,2023-08-23 23:16:10.295509,0 days 00:00:01.199052,0.7000000000000001,1,0.7000000000000001,0.3790662031238371,0.27992679797437314,40,100,COMPLETE,0.0,,,,,,,,,,,,,,,,,,,,
217,217,0.6267942583732058,2023-08-23 23:16:09.159942,2023-08-23 23:16:10.242385,0 days 00:00:01.082443,0.7000000000000001,1,0.7000000000000001,0.12318466638235487,0.37485156023407856,30,100,COMPLETE,0.0,,,,,,,,,,,,,,,,,,,,
218,218,0.6434045986284792,2023-08-23 23:16:09.236738,2023-08-23 23:16:10.373837,0 days 00:00:01.137099,0.7000000000000001,1,0.7000000000000001,0.3533039770447744,0.40758311530673347,30,99,COMPLETE,0.0,,,,,,,,,,,,,,,,,,,,
219,219,0.6224283985478015,2023-08-23 23:16:09.323833,2023-08-23 23:16:10.517858,0 days 00:00:01.194025,0.7000000000000001,1,0.7000000000000001,0.3946087152625757,0.31962247431271046,30,102,COMPLETE,0.0,,,,,,,,,,,,,,,,,,,,
220,220,0.6391394864677308,2023-08-23 23:16:09.374556,2023-08-23 23:16:10.129530,0 days 00:00:00.754974,0.7000000000000001,1,0.7000000000000001,0.4029072594182455,0.39566020170078425,30,102,COMPLETE,0.0,,,,,,,,,,,,,,,,,,,,
221,221,0.6176470588235294,2023-08-23 23:16:09.467732,2023-08-23 23:16:10.575252,0 days 00:00:01.107520,0.7000000000000001,1,0.7000000000000001,0.007705373086640043,0.41206237945881335,30,97,COMPLETE,0.0,,,,,,,,,,,,,,,,,,,,
222,222,0.6559398496240602,2023-08-23 23:16:09.470318,2023-08-23 23:16:10.444109,0 days 00:00:00.973791,0.7000000000000001,1,0.7000000000000001,0.2999783612139849,0.373665188176035,30,102,COMPLETE,0.0,,,,,,,,,,,,,,,,,,,,
223,223,0.6597600872410033,2023-08-23 23:16:09.667917,2023-08-23 23:16:10.646198,0 days 00:00:00.978281,0.7000000000000001,1,0.7000000000000001,0.12832795939324043,0.42258534736794984,30,98,COMPLETE,0.0,,,,,,,,,,,,,,,,,,,,
224,224,0.6102564102564102,2023-08-23 23:16:10.172119,2023-08-23 23:16:10.916469,0 days 00:00:00.744350,0.7000000000000001,1,0.7000000000000001,0.5262164804372458,0.4069926771739166,30,99,COMPLETE,0.0,,,,,,,,,,,,,,,,,,,,
225,225,0.606060606060606,2023-08-23 23:16:10.285615,2023-08-23 23:16:11.514216,0 days 00:00:01.228601,0.7000000000000001,1,0.7000000000000001,0.5609616035502163,0.450277651132954,30,96,COMPLETE,0.0,,,,,,,,,,,,,,,,,,,,
226,226,0.6306443429731101,2023-08-23 23:16:10.338588,2023-08-23 23:16:11.659554,0 days 00:00:01.320966,0.7000000000000001,1,0.7000000000000001,6.07054830290401e-05,0.4366941233929632,30,110,COMPLETE,0.0,,,,,,,,,,,,,,,,,,,,
227,227,0.6350877192982456,2023-08-23 23:16:10.417314,2023-08-23 23:16:11.572156,0 days 00:00:01.154842,0.7000000000000001,1,0.7000000000000001,0.5765553959314185,0.4065481603315194,30,109,COMPLETE,0.0,,,,,,,,,,,,,,,,,,,,
228,228,0.6014521984671238,2023-08-23 23:16:10.490296,2023-08-23 23:16:11.376565,0 days 00:00:00.886269,0.7000000000000001,1,0.7000000000000001,0.5706205749695614,0.5368486064451001,30,88,COMPLETE,0.0,,,,,,,,,,,,,,,,,,,,
229,229,0.6095383054287165,2023-08-23 23:16:10.564593,2023-08-23 23:16:11.708383,0 days 00:00:01.143790,0.7000000000000001,1,0.7000000000000001,0.638063138823653,0.46044000616816616,30,97,COMPLETE,0.0,,,,,,,,,,,,,,,,,,,,
230,230,0.6559398496240602,2023-08-23 23:16:10.626980,2023-08-23 23:16:11.453788,0 days 00:00:00.826808,0.7000000000000001,1,0.7000000000000001,0.5908946196572361,0.5822065136345371,30,108,COMPLETE,0.0,,,,,,,,,,,,,,,,,,,,
231,231,0.6176470588235294,2023-08-23 23:16:10.687760,2023-08-23 23:16:11.780200,0 days 00:00:01.092440,0.7000000000000001,1,0.7000000000000001,0.6259255880732292,0.6688460594983481,30,94,COMPLETE,0.0,,,,,,,,,,,,,,,,,,,,
232,232,0.572531328320802,2023-08-23 23:16:10.962106,2023-08-23 23:16:11.568703,0 days 00:00:00.606597,0.7000000000000001,1,0.7000000000000001,0.27432981590061106,0.42277590666015125,30,90,COMPLETE,0.0,,,,,,,,,,,,,,,,,,,,
233,233,0.6267942583732058,2023-08-23 23:16:11.419871,2023-08-23 23:16:13.002015,0 days 00:00:01.582144,0.7000000000000001,1,0.7000000000000001,0.2727169979191317,0.5310579018203024,30,92,COMPLETE,0.0,,,,,,,,,,,,,,,,,,,,
234,234,0.6224283985478015,2023-08-23 23:16:11.501751,2023-08-23 23:16:13.406155,0 days 00:00:01.904404,0.7000000000000001,1,0.7000000000000001,0.2458043813271821,0.7376153582677388,30,92,COMPLETE,0.0,,,,,,,,,,,,,,,,,,,,
235,235,0.6601307189542484,2023-08-23 23:16:11.563691,2023-08-23 23:16:13.302790,0 days 00:00:01.739099,0.7000000000000001,1,0.7000000000000001,0.23938147768863705,0.8904807602729543,30,109,COMPLETE,0.0,,,,,,,,,,,,,,,,,,,,
236,236,0.6306443429731101,2023-08-23 23:16:11.656795,2023-08-23 23:16:13.355417,0 days 00:00:01.698622,0.7000000000000001,1,0.7000000000000001,0.25035450009639076,0.7795225397216862,30,112,COMPLETE,0.0,,,,,,,,,,,,,,,,,,,,
237,237,0.5978982849211857,2023-08-23 23:16:11.704554,2023-08-23 23:16:13.168070,0 days 00:00:01.463516,0.7000000000000001,1,0.7000000000000001,0.2819925506963884,0.7541748622577094,30,105,COMPLETE,0.0,,,,,,,,,,,,,,,,,,,,
238,238,0.6267942583732058,2023-08-23 23:16:11.760636,2023-08-23 23:16:13.224114,0 days 00:00:01.463478,0.7000000000000001,1,0.7000000000000001,0.2914834864643986,0.6881600136371708,30,104,COMPLETE,0.0,,,,,,,,,,,,,,,,,,,,
239,239,0.6224283985478015,2023-08-23 23:16:11.851201,2023-08-23 23:16:13.109122,0 days 00:00:01.257921,0.7000000000000001,1,0.7000000000000001,0.2856947315747084,0.7809083241958537,30,105,COMPLETE,0.0,,,,,,,,,,,,,,,,,,,,
240,240,0.6307692307692307,2023-08-23 23:16:11.859578,2023-08-23 23:16:12.955603,0 days 00:00:01.096025,0.7000000000000001,1,0.7000000000000001,0.2864782157930003,0.8513091396256599,30,105,COMPLETE,0.0,,,,,,,,,,,,,,,,,,,,
241,241,0.6559398496240602,2023-08-23 23:16:13.003105,2023-08-23 23:16:14.304063,0 days 00:00:01.300958,0.7000000000000001,1,0.7000000000000001,0.32179930616835406,0.8586847436737594,30,186,COMPLETE,0.0,,,,,,,,,,,,,,,,,,,,
242,242,0.6102564102564102,2023-08-23 23:16:13.053649,2023-08-23 23:16:14.172271,0 days 00:00:01.118622,0.7000000000000001,1,0.7000000000000001,0.18398881465743872,0.9348838883472059,30,103,COMPLETE,0.0,,,,,,,,,,,,,,,,,,,,
243,243,0.606060606060606,2023-08-23 23:16:13.160696,2023-08-23 23:16:14.080674,0 days 00:00:00.919978,0.7000000000000001,1,0.7000000000000001,0.15475195440027897,0.7068043398566348,30,113,COMPLETE,0.0,,,,,,,,,,,,,,,,,,,,
244,244,0.6014521984671238,2023-08-23 23:16:13.212208,2023-08-23 23:16:14.486626,0 days 00:00:01.274418,0.7000000000000001,1,0.7000000000000001,0.17263929243041706,0.29243777685797656,30,86,COMPLETE,0.0,,,,,,,,,,,,,,,,,,,,
245,245,0.6428220979295456,2023-08-23 23:16:13.271418,2023-08-23 23:16:14.249235,0 days 00:00:00.977817,0.7000000000000001,1,0.7000000000000001,0.1708817725412847,0.2655139070292101,30,114,COMPLETE,0.0,,,,,,,,,,,,,,,,,,,,
246,246,0.6224283985478015,2023-08-23 23:16:13.346427,2023-08-23 23:16:14.384475,0 days 00:00:01.038048,0.7000000000000001,1,0.7000000000000001,0.16501908137965937,0.34152308076977694,30,113,COMPLETE,0.0,,,,,,,,,,,,,,,,,,,,
247,247,0.6142355889724311,2023-08-23 23:16:13.408316,2023-08-23 23:16:14.553794,0 days 00:00:01.145478,0.7000000000000001,1,0.7000000000000001,0.1702792825099744,0.3151506164990704,30,83,COMPLETE,0.0,,,,,,,,,,,,,,,,,,,,
248,248,0.6475279106858054,2023-08-23 23:16:13.455890,2023-08-23 23:16:14.433072,0 days 00:00:00.977182,0.7000000000000001,1,0.7000000000000001,0.1438122553224431,0.3164731359379928,30,87,COMPLETE,0.0,,,,,,,,,,,,,,,,,,,,
249,249,0.6224119320969482,2023-08-23 23:16:14.124317,2023-08-23 23:16:14.650624,0 days 00:00:00.526307,0.7000000000000001,1,0.7000000000000001,0.17659603511721,0.21617741736783969,30,114,COMPLETE,0.0,,,,,,,,,,,,,,,,,,,,
