,split_perc,split_conn,filename,feat_name,lambda_l1,lambda_l2,num_leaves,feature_fraction,bagging_fraction,bagging_freq,min_child_samples,f1_dev,recall_dev,precision_dev,f1_dev_0,recall_dev_0,prec_dev_0,f1_dev_1,recall_dev_1,prec_dev_1,f1_test,recall_test,precision_test,f1_test_0,recall_test_0,prec_test_0,f1_test_1,recall_test_1,prec_test_1
0,all,attack_support,ibmcs_all.csv,bert-base,0.0028512642019817625,0.20570153689556192,106,1.0,0.8,1,30,0.5428231221673987,0.551330425299891,0.5568102270477993,0.463871543264942,0.3969465648854962,0.5579399141630901,0.6217747010698553,0.7057142857142857,0.5556805399325084,0.5428231221673987,0.551330425299891,0.5568102270477993,0.463871543264942,0.3969465648854962,0.5579399141630901,0.6217747010698553,0.7057142857142857,0.5556805399325084
1,all,attack_support,ibmcs_all.csv,bert-large,0.14963000476011495,3.2041436194906876e-08,21,0.4,0.5,3,100,0.5993402455295919,0.6071864776444929,0.620143061796242,0.5266005410279532,0.44580152671755724,0.6431718061674009,0.6720799500312306,0.7685714285714286,0.5971143174250833,0.5993402455295919,0.6071864776444929,0.620143061796242,0.5266005410279532,0.44580152671755724,0.6431718061674009,0.6720799500312306,0.7685714285714286,0.5971143174250833
2,all,attack_support,ibmcs_all.csv,distilbert,7.4517199165668175e-06,1.507724984573863e-06,203,0.8,0.8,3,10,0.5428898827171701,0.5439312977099237,0.5446981364033783,0.5044319097502014,0.4778625954198473,0.5341296928327645,0.5813478556841388,0.61,0.5552665799739922,0.5428898827171701,0.5439312977099237,0.5446981364033783,0.5044319097502014,0.4778625954198473,0.5341296928327645,0.5813478556841388,0.61,0.5552665799739922
3,all,attack_support,ibmcs_all.csv,all_lms,0.00015854029838455652,8.080540807527008e-05,238,0.5,0.8,2,20,0.7614246418795014,0.7619138495092694,0.7752053369267295,0.7309644670050761,0.6595419847328244,0.8197343453510436,0.7918848167539269,0.8642857142857143,0.7306763285024155,0.7614246418795014,0.7619138495092694,0.7752053369267295,0.7309644670050761,0.6595419847328244,0.8197343453510436,0.7918848167539269,0.8642857142857143,0.7306763285024155
4,all,attack_support,ibmcs_all.csv,roberta-base,2.958196641559491e-08,0.45686899630106553,223,0.7000000000000001,0.9,1,30,0.6004592730261982,0.6057797164667393,0.6147342423754956,0.5376532399299474,0.4687022900763359,0.6303901437371663,0.6632653061224489,0.7428571428571429,0.5990783410138248,0.6004592730261982,0.6057797164667393,0.6147342423754956,0.5376532399299474,0.4687022900763359,0.6303901437371663,0.6632653061224489,0.7428571428571429,0.5990783410138248
5,all,attack_support,ibmcs_all.csv,roberta-large,2.0804917666909604e-08,0.0006493550475548569,107,1.0,0.7000000000000001,3,50,0.7584236939786146,0.758958560523446,0.7721000742512993,0.727580372250423,0.6564885496183206,0.8159392789373814,0.7892670157068061,0.8614285714285714,0.7282608695652174,0.7584236939786146,0.758958560523446,0.7721000742512993,0.727580372250423,0.6564885496183206,0.8159392789373814,0.7892670157068061,0.8614285714285714,0.7282608695652174
6,all,attack_support,ibmcs_all.csv,xlm-roberta-base,0.010609908001979907,0.00024325665629838976,198,1.0,0.4,1,60,0.5434182137217454,0.5562104689203926,0.5652891494234238,0.4504170528266913,0.3709923664122137,0.5731132075471698,0.6364193746167995,0.7414285714285714,0.5574650912996778,0.5434182137217454,0.5562104689203926,0.5652891494234238,0.4504170528266913,0.3709923664122137,0.5731132075471698,0.6364193746167995,0.7414285714285714,0.5574650912996778
7,all,attack_support,ibmcs_all.csv,xlm-roberta-large,2.2129400756228128e-08,0.0001697569613045772,71,0.7000000000000001,0.6000000000000001,1,40,0.7342583718766059,0.7356379498364232,0.7507019375797657,0.6969957081545064,0.6198473282442748,0.796078431372549,0.7715210355987054,0.8514285714285714,0.7053254437869823,0.7342583718766059,0.7356379498364232,0.7507019375797657,0.6969957081545064,0.6198473282442748,0.796078431372549,0.7715210355987054,0.8514285714285714,0.7053254437869823
8,all,attack_support,argmin_all.csv,bert-base,2.0588050260310596e-05,3.033742472423587e-08,47,0.9,1.0,1,80,0.5755747994686704,0.5768332421114265,0.5815998918535292,0.6549663928304705,0.700479233226837,0.615007012622721,0.4961832061068703,0.4531872509960159,0.5481927710843374,0.5755747994686704,0.5768332421114265,0.5815998918535292,0.6549663928304705,0.700479233226837,0.615007012622721,0.4961832061068703,0.4531872509960159,0.5481927710843374
9,all,attack_support,argmin_all.csv,bert-large,0.0010049813647457142,0.03038939560980763,8,0.6000000000000001,0.8,2,40,0.6163774492237907,0.6174360067716356,0.6275358261991959,0.6951084957705038,0.7547923322683706,0.6441717791411042,0.5376464026770775,0.4800796812749004,0.6108998732572877,0.6163774492237907,0.6174360067716356,0.6275358261991959,0.6951084957705038,0.7547923322683706,0.6441717791411042,0.5376464026770775,0.4800796812749004,0.6108998732572877
10,all,attack_support,argmin_all.csv,distilbert,6.132753369016098e-05,0.21115412038806716,108,0.9,0.8,3,20,0.5176391184882418,0.5208065501571987,0.5222936532899632,0.6115027829313543,0.65814696485623,0.571032571032571,0.42377545404512934,0.3834661354581673,0.4735547355473555,0.5176391184882418,0.5208065501571987,0.5222936532899632,0.6115027829313543,0.65814696485623,0.571032571032571,0.42377545404512934,0.3834661354581673,0.4735547355473555
11,all,attack_support,argmin_all.csv,all_lms,4.0230607351910526e-06,0.17501059284158585,235,1.0,1.0,3,50,0.7378463592378597,0.7392363453534107,0.7372854073443416,0.7605059159526724,0.744408945686901,0.7773144286905754,0.7151868025230471,0.7340637450199203,0.6972563859981078,0.7378463592378597,0.7392363453534107,0.7372854073443416,0.7605059159526724,0.744408945686901,0.7773144286905754,0.7151868025230471,0.7340637450199203,0.6972563859981078
12,all,attack_support,argmin_all.csv,roberta-base,6.511861540072374e-08,7.873989579664389e-07,242,0.7000000000000001,0.5,1,10,0.6121821902724363,0.612004060435574,0.6163185537139897,0.6763027767211869,0.7100638977635783,0.6456063907044299,0.5480616038236857,0.5139442231075697,0.5870307167235495,0.6121821902724363,0.612004060435574,0.6163185537139897,0.6763027767211869,0.7100638977635783,0.6456063907044299,0.5480616038236857,0.5139442231075697,0.5870307167235495
13,all,attack_support,argmin_all.csv,roberta-large,0.5221912064384636,0.8319271164705334,16,1.0,0.8,3,40,0.7276016516823625,0.7296516808166694,0.7272710453283997,0.7482488669138856,0.7252396166134185,0.7727659574468085,0.7069544364508394,0.7340637450199203,0.6817761332099908,0.7276016516823625,0.7296516808166694,0.7272710453283997,0.7482488669138856,0.7252396166134185,0.7727659574468085,0.7069544364508394,0.7340637450199203,0.6817761332099908
14,all,attack_support,argmin_all.csv,xlm-roberta-base,0.03650921208975906,1.479519727342689e-05,64,0.6000000000000001,0.6000000000000001,2,20,0.5646504537512489,0.5650353856140932,0.5672167338834005,0.634314100114635,0.6629392971246006,0.608058608058608,0.4949868073878628,0.46713147410358563,0.5263748597081931,0.5646504537512489,0.5650353856140932,0.5672167338834005,0.634314100114635,0.6629392971246006,0.608058608058608,0.4949868073878628,0.46713147410358563,0.5263748597081931
15,all,attack_support,argmin_all.csv,xlm-roberta-large,9.330400508371608e-08,0.005186452802400877,246,0.4,0.8,2,100,0.6483541269268444,0.6475885595000191,0.652015732546706,0.7032208588957055,0.7324281150159745,0.6762536873156342,0.5934873949579832,0.5627490039840638,0.6277777777777778,0.6483541269268444,0.6475885595000191,0.652015732546706,0.7032208588957055,0.7324281150159745,0.6762536873156342,0.5934873949579832,0.5627490039840638,0.6277777777777778
16,all,attack_support,perspectrum_all.csv,bert-base,3.649349914133962e-07,3.759493967961627e-08,229,1.0,1.0,1,30,0.635868774791233,0.6357050440623169,0.6362999912946894,0.6084243369734789,0.5990783410138248,0.618066561014263,0.6633132126089872,0.672331747110809,0.6545334215751158,0.635868774791233,0.6357050440623169,0.6362999912946894,0.6084243369734789,0.5990783410138248,0.618066561014263,0.6633132126089872,0.672331747110809,0.6545334215751158
17,all,attack_support,perspectrum_all.csv,bert-large,0.0005653403723853448,0.006135945935474862,204,0.9,0.9,3,100,0.6732394976777547,0.6729131357812747,0.6756928602501937,0.6404809619238477,0.6136712749615976,0.6697401508801342,0.7059980334316618,0.7321549966009517,0.6816455696202531,0.6732394976777547,0.6729131357812747,0.6756928602501937,0.6404809619238477,0.6136712749615976,0.6697401508801342,0.7059980334316618,0.7321549966009517,0.6816455696202531
18,all,attack_support,perspectrum_all.csv,distilbert,5.164398808454012e-08,0.0410308819935665,229,0.9,0.7000000000000001,2,90,0.6039619779708671,0.6040677888225092,0.6039131595356219,0.5825390773922988,0.5867895545314901,0.5783497350492052,0.6253848785494355,0.6213460231135283,0.6294765840220385,0.6039619779708671,0.6040677888225092,0.6039131595356219,0.5825390773922988,0.5867895545314901,0.5783497350492052,0.6253848785494355,0.6213460231135283,0.6294765840220385
19,all,attack_support,perspectrum_all.csv,all_lms,0.06020721974127876,5.636607259361028e-07,242,0.4,0.9,2,40,0.8223953263972668,0.8212434773255808,0.8255679695544824,0.8054226475279107,0.7757296466973886,0.8374792703150912,0.8393680052666228,0.8667573079537729,0.8136566687938737,0.8223953263972668,0.8212434773255808,0.8255679695544824,0.8054226475279107,0.7757296466973886,0.8374792703150912,0.8393680052666228,0.8667573079537729,0.8136566687938737
20,all,attack_support,perspectrum_all.csv,roberta-base,2.9840794188861992e-05,0.05404052584085455,11,0.4,0.5,2,30,0.7000128563454949,0.6998520291430534,0.700247245302287,0.6795665634674922,0.674347158218126,0.6848673946957878,0.7204591492234976,0.7253569000679809,0.715627095908786,0.7000128563454949,0.6998520291430534,0.700247245302287,0.6795665634674922,0.674347158218126,0.6848673946957878,0.7204591492234976,0.7253569000679809,0.715627095908786
21,all,attack_support,perspectrum_all.csv,roberta-large,0.0007006328013782079,0.11689977022391244,94,0.4,0.8,1,70,0.8195336084880904,0.8184359992105437,0.8224790215891246,0.802547770700637,0.7741935483870968,0.8330578512396695,0.8365194462755438,0.8626784500339905,0.8119001919385797,0.8195336084880904,0.8184359992105437,0.8224790215891246,0.802547770700637,0.7741935483870968,0.8330578512396695,0.8365194462755438,0.8626784500339905,0.8119001919385797
22,all,attack_support,perspectrum_all.csv,xlm-roberta-base,2.270024340518482e-08,4.774501855538212e-08,20,0.6000000000000001,0.7000000000000001,3,80,0.607436144249542,0.6075830103976416,0.609496062238944,0.5669481302774427,0.5414746543778802,0.5949367088607594,0.6479241582216411,0.6736913664174031,0.6240554156171285,0.607436144249542,0.6075830103976416,0.609496062238944,0.5669481302774427,0.5414746543778802,0.5949367088607594,0.6479241582216411,0.6736913664174031,0.6240554156171285
23,all,attack_support,perspectrum_all.csv,xlm-roberta-large,8.073215823543875e-05,0.0012029874508780979,107,0.6000000000000001,1.0,1,20,0.7447533136966127,0.744091869330351,0.7467434790410945,0.7216494845360826,0.6989247311827957,0.7459016393442623,0.7678571428571428,0.7892590074779062,0.7475853187379266,0.7447533136966127,0.744091869330351,0.7467434790410945,0.7216494845360826,0.6989247311827957,0.7459016393442623,0.7678571428571428,0.7892590074779062,0.7475853187379266
24,all,attack,ibmcs_all.csv,bert-base,0.007437156123240102,4.1965109070958416e-08,181,0.9,0.8,2,70,0.5301813907381134,0.5436259541984733,0.5507373755821386,0.43413729128014844,0.35725190839694654,0.5531914893617021,0.6262254901960784,0.73,0.5482832618025751,0.5301813907381134,0.5436259541984733,0.5507373755821386,0.43413729128014844,0.35725190839694654,0.5531914893617021,0.6262254901960784,0.73,0.5482832618025751
25,all,attack,ibmcs_all.csv,bert-large,0.014702599356202484,5.918179871452189e-06,181,0.7000000000000001,0.5,3,80,0.5849264590795871,0.5909051254089421,0.5989610044257032,0.5184534270650264,0.45038167938931295,0.6107660455486542,0.6513994910941476,0.7314285714285714,0.5871559633027523,0.5849264590795871,0.5909051254089421,0.5989610044257032,0.5184534270650264,0.45038167938931295,0.6107660455486542,0.6513994910941476,0.7314285714285714,0.5871559633027523
26,all,attack,ibmcs_all.csv,distilbert,1.0333922576609394e-08,0.00014385721768121366,86,0.5,0.4,1,50,0.5340861791266265,0.5351145038167939,0.5356987645123239,0.49557522123893805,0.47022900763358777,0.5238095238095238,0.572597137014315,0.6,0.5475880052151239,0.5340861791266265,0.5351145038167939,0.5356987645123239,0.49557522123893805,0.47022900763358777,0.5238095238095238,0.572597137014315,0.6,0.5475880052151239
27,all,attack,ibmcs_all.csv,all_lms,0.00019353773685237951,7.347307012419848e-06,149,0.9,1.0,2,90,0.769015001239772,0.7693511450381679,0.7826327256416008,0.7398648648648649,0.6687022900763359,0.8279773156899811,0.798165137614679,0.87,0.7372881355932204,0.769015001239772,0.7693511450381679,0.7826327256416008,0.7398648648648649,0.6687022900763359,0.8279773156899811,0.798165137614679,0.87,0.7372881355932204
28,all,attack,ibmcs_all.csv,roberta-base,0.0014017991215110796,0.44824795818305085,106,0.8,0.8,3,10,0.6078434684684684,0.6153380588876772,0.6291391941391942,0.5369369369369369,0.4549618320610687,0.654945054945055,0.67875,0.7757142857142857,0.6033333333333334,0.6078434684684684,0.6153380588876772,0.6291391941391942,0.5369369369369369,0.4549618320610687,0.654945054945055,0.67875,0.7757142857142857,0.6033333333333334
29,all,attack,ibmcs_all.csv,roberta-large,0.003320606340030838,0.03529128596999792,31,1.0,0.4,2,10,0.7558368862445715,0.75592693565976,0.7644314192097423,0.7295285359801488,0.6732824427480916,0.796028880866426,0.782145236508994,0.8385714285714285,0.7328339575530587,0.7558368862445715,0.75592693565976,0.7644314192097423,0.7295285359801488,0.6732824427480916,0.796028880866426,0.782145236508994,0.8385714285714285,0.7328339575530587
30,all,attack,ibmcs_all.csv,xlm-roberta-base,0.00033815766377015826,2.6886139305617034e-06,25,0.4,0.7000000000000001,2,40,0.5314532805631257,0.5462868047982552,0.5546994205946637,0.43151969981238275,0.3511450381679389,0.559610705596107,0.6313868613138687,0.7414285714285714,0.5497881355932204,0.5314532805631257,0.5462868047982552,0.5546994205946637,0.43151969981238275,0.3511450381679389,0.559610705596107,0.6313868613138687,0.7414285714285714,0.5497881355932204
31,all,attack,ibmcs_all.csv,xlm-roberta-large,2.5607734569183693e-07,0.551978634587448,51,0.8,0.8,1,30,0.704311363575323,0.7075408942202835,0.7267792966701938,0.656084656084656,0.5679389312977099,0.7766179540709812,0.7525380710659899,0.8471428571428572,0.6769406392694064,0.704311363575323,0.7075408942202835,0.7267792966701938,0.656084656084656,0.5679389312977099,0.7766179540709812,0.7525380710659899,0.8471428571428572,0.6769406392694064
32,all,attack,argmin_all.csv,bert-base,7.957374630448439e-05,6.873106122654787e-08,96,0.9,0.4,1,60,0.5708466735846418,0.571011481231623,0.573060235283718,0.6372360844529751,0.6629392971246006,0.6134515890613451,0.5044572627163084,0.47908366533864544,0.5326688815060908,0.5708466735846418,0.571011481231623,0.573060235283718,0.6372360844529751,0.6629392971246006,0.6134515890613451,0.5044572627163084,0.47908366533864544,0.5326688815060908
33,all,attack,argmin_all.csv,bert-large,4.963770621436162e-08,1.5041015084237764e-06,6,0.5,0.6000000000000001,2,30,0.6130949051606429,0.614551379147945,0.6253761493452215,0.6947291361639825,0.7579872204472844,0.6412162162162162,0.5314606741573034,0.4711155378486056,0.6095360824742269,0.6130949051606429,0.614551379147945,0.6253761493452215,0.6947291361639825,0.7579872204472844,0.6412162162162162,0.5314606741573034,0.4711155378486056,0.6095360824742269
34,all,attack,argmin_all.csv,distilbert,0.06168861333659005,0.015738652133050136,35,0.4,0.8,1,70,0.5140069806736474,0.5186315441110956,0.5203672718291584,0.6161172161172163,0.6717252396166135,0.5690121786197564,0.4118967452300786,0.3655378486055777,0.4717223650385604,0.5140069806736474,0.5186315441110956,0.5203672718291584,0.6161172161172163,0.6717252396166135,0.5690121786197564,0.4118967452300786,0.3655378486055777,0.4717223650385604
35,all,attack,argmin_all.csv,all_lms,1.6003269005008543e-06,0.6382975469705064,62,1.0,0.8,3,80,0.7286105129854108,0.7295721268281506,0.728093069724833,0.7537525354969574,0.7420127795527156,0.7658697444352844,0.7034684904738642,0.7171314741035857,0.6903163950143816,0.7286105129854108,0.7295721268281506,0.728093069724833,0.7537525354969574,0.7420127795527156,0.7658697444352844,0.7034684904738642,0.7171314741035857,0.6903163950143816
36,all,attack,argmin_all.csv,roberta-base,3.092831431854819e-08,0.004388807568182992,135,1.0,1.0,3,100,0.6330344190873507,0.63254490027112,0.6377644633668573,0.6940326871911819,0.7292332268370607,0.6620739666424945,0.5720361509835193,0.5358565737051793,0.61345496009122,0.6330344190873507,0.63254490027112,0.6377644633668573,0.6940326871911819,0.7292332268370607,0.6620739666424945,0.5720361509835193,0.5358565737051793,0.61345496009122
37,all,attack,argmin_all.csv,roberta-large,0.0010729847689632077,2.6458269985300328e-05,9,1.0,0.5,3,80,0.7072717792681795,0.7078427504041342,0.7068927287413485,0.7360774818401937,0.7284345047923323,0.7438825448613376,0.6784660766961652,0.6872509960159362,0.6699029126213593,0.7072717792681795,0.7078427504041342,0.7068927287413485,0.7360774818401937,0.7284345047923323,0.7438825448613376,0.6784660766961652,0.6872509960159362,0.6699029126213593
38,all,attack,argmin_all.csv,xlm-roberta-base,1.6848300054921968e-05,9.544138233798526e-05,70,0.7000000000000001,0.6000000000000001,1,80,0.5779414099071227,0.5785102401894022,0.5820561941251596,0.6505295007564297,0.6869009584664537,0.617816091954023,0.5053533190578159,0.4701195219123506,0.5462962962962963,0.5779414099071227,0.5785102401894022,0.5820561941251596,0.6505295007564297,0.6869009584664537,0.617816091954023,0.5053533190578159,0.4701195219123506,0.5462962962962963
39,all,attack,argmin_all.csv,xlm-roberta-large,1.4489906787709538e-05,0.019939575954259926,212,0.6000000000000001,0.6000000000000001,3,80,0.6440116318387773,0.643299008439087,0.6473791695030633,0.6989247311827957,0.7268370607028753,0.6730769230769231,0.5890985324947589,0.5597609561752988,0.6216814159292036,0.6440116318387773,0.643299008439087,0.6473791695030633,0.6989247311827957,0.7268370607028753,0.6730769230769231,0.5890985324947589,0.5597609561752988,0.6216814159292036
40,all,attack,perspectrum_all.csv,bert-base,0.10573428391933537,5.623378954462351e-07,240,0.9,1.0,2,90,0.6228608271161462,0.6227756074689256,0.6230050165562048,0.5972920696324951,0.5929339477726574,0.6017147310989868,0.6484295845997974,0.6526172671651937,0.6442953020134228,0.6228608271161462,0.6227756074689256,0.6230050165562048,0.5972920696324951,0.5929339477726574,0.6017147310989868,0.6484295845997974,0.6526172671651937,0.6442953020134228
41,all,attack,perspectrum_all.csv,bert-large,4.692350865249193e-08,0.037287116310112285,212,1.0,0.8,3,90,0.6643311952386179,0.6640314905374882,0.6659016545806726,0.6335847558554981,0.6129032258064516,0.6557107641741988,0.6950776346217377,0.7151597552685248,0.6760925449871465,0.6643311952386179,0.6640314905374882,0.6659016545806726,0.6335847558554981,0.6129032258064516,0.6557107641741988,0.6950776346217377,0.7151597552685248,0.6760925449871465
42,all,attack,perspectrum_all.csv,distilbert,0.006082584924106903,1.1839624669323351e-05,210,0.9,0.4,3,100,0.6046269983105304,0.6052149023465442,0.6048340443242118,0.5906542056074767,0.6067588325652842,0.5753823743627094,0.618599791013584,0.6036709721278042,0.6342857142857142,0.6046269983105304,0.6052149023465442,0.6048340443242118,0.5906542056074767,0.6067588325652842,0.5753823743627094,0.618599791013584,0.6036709721278042,0.6342857142857142
43,all,attack,perspectrum_all.csv,all_lms,0.005903292418113999,0.0006607463809867844,158,1.0,0.5,2,40,0.8271145498100547,0.8259269585775584,0.8303777838936404,0.8105305145592341,0.7803379416282642,0.8431535269709544,0.8436985850608753,0.8715159755268524,0.8176020408163265,0.8271145498100547,0.8259269585775584,0.8303777838936404,0.8105305145592341,0.7803379416282642,0.8431535269709544,0.8436985850608753,0.8715159755268524,0.8176020408163265
44,all,attack,perspectrum_all.csv,roberta-base,1.0051670138896334e-05,8.107737097025938e-05,20,0.8,1.0,1,100,0.6722267173693137,0.6721351662087611,0.6723480769270982,0.6507140100347356,0.6474654377880185,0.6539953452288596,0.6937394247038918,0.6968048946295038,0.6907008086253369,0.6722267173693137,0.6721351662087611,0.6723480769270982,0.6507140100347356,0.6474654377880185,0.6539953452288596,0.6937394247038918,0.6968048946295038,0.6907008086253369
45,all,attack,perspectrum_all.csv,roberta-large,2.8375276990834617e-08,2.484800022405861e-07,18,1.0,0.9,3,70,0.8225635570996396,0.8215523155820518,0.8250453907297352,0.8065027755749405,0.7811059907834101,0.8336065573770491,0.8386243386243386,0.8619986403806934,0.8164842240824212,0.8225635570996396,0.8215523155820518,0.8250453907297352,0.8065027755749405,0.7811059907834101,0.8336065573770491,0.8386243386243386,0.8619986403806934,0.8164842240824212
46,all,attack,perspectrum_all.csv,xlm-roberta-base,0.005950773189917476,4.000910155241151e-08,25,0.8,1.0,1,100,0.6134117095179363,0.6137764835984173,0.6166335532449905,0.5692182410423453,0.5368663594470046,0.6057192374350087,0.6576051779935275,0.69068660774983,0.6275478690549722,0.6134117095179363,0.6137764835984173,0.6166335532449905,0.5692182410423453,0.5368663594470046,0.6057192374350087,0.6576051779935275,0.69068660774983,0.6275478690549722
47,all,attack,perspectrum_all.csv,xlm-roberta-large,3.628569414563695e-07,0.04172174286313524,237,0.8,0.9,1,50,0.7440596743794321,0.7434120596770539,0.7459703417150225,0.7210776545166404,0.6989247311827957,0.7446808510638298,0.7670416942422237,0.787899388171312,0.7472598323662153,0.7440596743794321,0.7434120596770539,0.7459703417150225,0.7210776545166404,0.6989247311827957,0.7446808510638298,0.7670416942422237,0.787899388171312,0.7472598323662153
48,all,support,ibmcs_all.csv,bert-base,0.004370182776778213,0.027780512938310742,142,1.0,1.0,3,90,0.5343534528391937,0.5461613958560524,0.5528221740823193,0.44362969752520626,0.36946564885496186,0.555045871559633,0.625077208153181,0.7228571428571429,0.5505984766050055,0.5343534528391937,0.5461613958560524,0.5528221740823193,0.44362969752520626,0.36946564885496186,0.555045871559633,0.625077208153181,0.7228571428571429,0.5505984766050055
49,all,support,ibmcs_all.csv,bert-large,0.1373550687605206,0.0006866328251493593,119,1.0,0.5,1,80,0.5657851825593762,0.5770447110141766,0.5888120678818354,0.4792626728110599,0.3969465648854962,0.6046511627906976,0.6523076923076924,0.7571428571428571,0.572972972972973,0.5657851825593762,0.5770447110141766,0.5888120678818354,0.4792626728110599,0.3969465648854962,0.6046511627906976,0.6523076923076924,0.7571428571428571,0.572972972972973
50,all,support,ibmcs_all.csv,distilbert,0.01867336223060283,1.6738361857054106e-06,99,0.7000000000000001,0.4,1,40,0.5364507170742833,0.5436205016357688,0.5474860865766331,0.4622144112478031,0.4015267175572519,0.5445134575569358,0.6106870229007634,0.6857142857142857,0.5504587155963303,0.5364507170742833,0.5436205016357688,0.5474860865766331,0.4622144112478031,0.4015267175572519,0.5445134575569358,0.6106870229007634,0.6857142857142857,0.5504587155963303
51,all,support,ibmcs_all.csv,all_lms,0.009535615293539594,5.855065455648262e-07,94,1.0,0.8,2,30,0.7573359288097887,0.7584187568157034,0.7760279557367502,0.7224137931034482,0.6396946564885496,0.8297029702970297,0.7922580645161291,0.8771428571428571,0.7223529411764706,0.7573359288097887,0.7584187568157034,0.7760279557367502,0.7224137931034482,0.6396946564885496,0.8297029702970297,0.7922580645161291,0.8771428571428571,0.7223529411764706
52,all,support,ibmcs_all.csv,roberta-base,4.411130093818005e-08,0.18208627190811313,248,0.9,0.6000000000000001,1,20,0.5813670686460068,0.5906870229007634,0.6027976384727207,0.5022747952684259,0.4213740458015267,0.6216216216216216,0.6604593420235878,0.76,0.58397365532382,0.5813670686460068,0.5906870229007634,0.6027976384727207,0.5022747952684259,0.4213740458015267,0.6216216216216216,0.6604593420235878,0.76,0.58397365532382
53,all,support,ibmcs_all.csv,roberta-large,7.07227507399597e-05,6.224288454094271e-05,152,0.4,0.7000000000000001,3,50,0.7154980492183542,0.7171919302071974,0.7308977379174744,0.6758147512864494,0.601526717557252,0.7710371819960861,0.7551813471502591,0.8328571428571429,0.6907582938388626,0.7154980492183542,0.7171919302071974,0.7308977379174744,0.6758147512864494,0.601526717557252,0.7710371819960861,0.7551813471502591,0.8328571428571429,0.6907582938388626
54,all,support,ibmcs_all.csv,xlm-roberta-base,0.0028657910049224664,0.001016049981125077,45,1.0,1.0,2,10,0.5343422256475434,0.5443620501635769,0.5497790047135872,0.44945848375451264,0.3801526717557252,0.5496688741721855,0.6192259675405742,0.7085714285714285,0.549889135254989,0.5343422256475434,0.5443620501635769,0.5497790047135872,0.44945848375451264,0.3801526717557252,0.5496688741721855,0.6192259675405742,0.7085714285714285,0.549889135254989
55,all,support,ibmcs_all.csv,xlm-roberta-large,0.013419136776682817,1.1354593249738035e-07,31,0.7000000000000001,0.8,2,30,0.7113116062938443,0.7147328244274809,0.7364637672805526,0.6625222024866786,0.5694656488549619,0.7919320594479831,0.76010101010101,0.86,0.6809954751131222,0.7113116062938443,0.7147328244274809,0.7364637672805526,0.6625222024866786,0.5694656488549619,0.7919320594479831,0.76010101010101,0.86,0.6809954751131222
56,all,support,argmin_all.csv,bert-base,8.720705878035351e-07,0.9524644399358793,18,0.8,0.5,1,30,0.5630256761154142,0.5647728574519812,0.5690732879292266,0.6463142218912883,0.6932907348242812,0.6052998605299861,0.47973713033954,0.4362549800796813,0.5328467153284672,0.5630256761154142,0.5647728574519812,0.5690732879292266,0.6463142218912883,0.6932907348242812,0.6052998605299861,0.47973713033954,0.4362549800796813,0.5328467153284672
57,all,support,argmin_all.csv,bert-large,4.3483648717698885e-06,1.7979635094333052e-08,15,1.0,0.9,3,50,0.6083562642300246,0.6090446520626758,0.6164666926671102,0.6835254741539606,0.7340255591054313,0.639526791927627,0.5331870543060888,0.48406374501992033,0.5934065934065934,0.6083562642300246,0.6090446520626758,0.6164666926671102,0.6835254741539606,0.7340255591054313,0.639526791927627,0.5331870543060888,0.48406374501992033,0.5934065934065934
58,all,support,argmin_all.csv,distilbert,2.3696018512920076e-06,0.010354691415391904,133,1.0,0.5,1,100,0.5285900486190132,0.5341032037982256,0.538055501304973,0.6343229543808834,0.6996805111821086,0.5801324503311258,0.4228571428571429,0.36852589641434264,0.4959785522788204,0.5285900486190132,0.5341032037982256,0.538055501304973,0.6343229543808834,0.6996805111821086,0.5801324503311258,0.4228571428571429,0.36852589641434264,0.4959785522788204
59,all,support,argmin_all.csv,all_lms,8.665742762410468e-08,0.00045896666372289397,9,0.9,0.7000000000000001,2,70,0.7145975162688146,0.7149278286216159,0.7143318976630757,0.7440739252711932,0.7396166134185304,0.7485852869846402,0.685121107266436,0.6902390438247012,0.6800785083415113,0.7145975162688146,0.7149278286216159,0.7143318976630757,0.7440739252711932,0.7396166134185304,0.7485852869846402,0.685121107266436,0.6902390438247012,0.6800785083415113
60,all,support,argmin_all.csv,roberta-base,0.3121722401265332,0.0004202752493180698,24,0.6000000000000001,0.7000000000000001,2,80,0.611468292523988,0.6114121787609943,0.6162918731207385,0.6777735706171903,0.7148562300319489,0.6443484521238301,0.5451630144307856,0.5079681274900398,0.5882352941176471,0.611468292523988,0.6114121787609943,0.6162918731207385,0.6777735706171903,0.7148562300319489,0.6443484521238301,0.5451630144307856,0.5079681274900398,0.5882352941176471
61,all,support,argmin_all.csv,roberta-large,0.2087632453620862,0.9052829604802827,12,0.6000000000000001,0.5,2,60,0.7056850670335901,0.706442600206204,0.7052545155993432,0.7336032388663968,0.7236421725239617,0.7438423645320197,0.6777668952007835,0.6892430278884463,0.6666666666666666,0.7056850670335901,0.706442600206204,0.7052545155993432,0.7336032388663968,0.7236421725239617,0.7438423645320197,0.6777668952007835,0.6892430278884463,0.6666666666666666
62,all,support,argmin_all.csv,xlm-roberta-base,2.5999174426058083e-05,0.00028685318714748864,31,0.8,0.4,1,100,0.5602582560635077,0.561775263164594,0.5654767325380202,0.6417352281226627,0.6853035143769968,0.6033755274261603,0.47878128400435255,0.43824701195219123,0.5275779376498801,0.5602582560635077,0.561775263164594,0.5654767325380202,0.6417352281226627,0.6853035143769968,0.6033755274261603,0.47878128400435255,0.43824701195219123,0.5275779376498801
63,all,support,argmin_all.csv,xlm-roberta-large,0.037382149154652475,0.0087971127781946,3,1.0,0.4,1,50,0.6432783813065504,0.6426132530580553,0.647985553606439,0.7019413779977159,0.7364217252396166,0.6705454545454546,0.5846153846153846,0.548804780876494,0.6254256526674233,0.6432783813065504,0.6426132530580553,0.647985553606439,0.7019413779977159,0.7364217252396166,0.6705454545454546,0.5846153846153846,0.548804780876494,0.6254256526674233
64,all,support,perspectrum_all.csv,bert-base,0.0006024543435703934,5.154854689231558e-06,182,1.0,0.4,1,100,0.5948640143852552,0.5947940260290867,0.5950238405535405,0.5666666666666667,0.5614439324116743,0.5719874804381847,0.6230613621038437,0.628144119646499,0.6180602006688963,0.5948640143852552,0.5947940260290867,0.5950238405535405,0.5666666666666667,0.5614439324116743,0.5719874804381847,0.6230613621038437,0.628144119646499,0.6180602006688963
65,all,support,perspectrum_all.csv,bert-large,6.113279759407234e-07,0.2202009852890364,21,0.8,0.5,1,10,0.6477001515006202,0.6474954601037363,0.6482814460209229,0.6202581149784905,0.609062980030722,0.6318725099601593,0.6751421880227501,0.6859279401767505,0.6646903820816864,0.6477001515006202,0.6474954601037363,0.6482814460209229,0.6202581149784905,0.609062980030722,0.6318725099601593,0.6751421880227501,0.6859279401767505,0.6646903820816864
66,all,support,perspectrum_all.csv,distilbert,1.982426392433261e-05,0.30463854661525896,6,0.9,0.9,3,50,0.6046129012230708,0.6048507186037064,0.6069258793060117,0.5625504439063762,0.5353302611367128,0.592687074829932,0.6466753585397652,0.6743711760707002,0.6211646837820914,0.6046129012230708,0.6048507186037064,0.6069258793060117,0.5625504439063762,0.5353302611367128,0.592687074829932,0.6466753585397652,0.6743711760707002,0.6211646837820914
67,all,support,perspectrum_all.csv,all_lms,1.866519937323514e-06,0.00017688862514318897,69,1.0,0.6000000000000001,1,70,0.8062444706421306,0.8050964316780855,0.8098117695213171,0.7870296236989592,0.7549923195084486,0.8219063545150501,0.8254593175853018,0.8552005438477226,0.797717184527584,0.8062444706421306,0.8050964316780855,0.8098117695213171,0.7870296236989592,0.7549923195084486,0.8219063545150501,0.8254593175853018,0.8552005438477226,0.797717184527584
68,all,support,perspectrum_all.csv,roberta-base,7.14809545978272e-08,0.02217458765510416,5,0.9,0.4,2,50,0.6937778620143042,0.6937778620143042,0.6937778620143042,0.6751152073732719,0.6751152073732719,0.6751152073732719,0.7124405166553365,0.7124405166553365,0.7124405166553365,0.6937778620143042,0.6937778620143042,0.6937778620143042,0.6751152073732719,0.6751152073732719,0.6751152073732719,0.7124405166553365,0.7124405166553365,0.7124405166553365
69,all,support,perspectrum_all.csv,roberta-large,5.416999363372031e-08,1.437321727303747e-05,12,0.4,0.4,3,20,0.8113290137355345,0.8103975894430051,0.8136056234009443,0.7944554455445544,0.7703533026113671,0.8201144726083401,0.8282025819265144,0.8504418762746431,0.8070967741935484,0.8113290137355345,0.8103975894430051,0.8136056234009443,0.7944554455445544,0.7703533026113671,0.8201144726083401,0.8282025819265144,0.8504418762746431,0.8070967741935484
70,all,support,perspectrum_all.csv,xlm-roberta-base,8.677799680214103e-07,3.8371110007594694e-07,37,1.0,0.7000000000000001,2,40,0.5915977968664679,0.5917137364364399,0.592984083223756,0.5522745411013568,0.5314900153609831,0.574750830564784,0.6309210526315789,0.6519374575118967,0.6112173358827279,0.5915977968664679,0.5917137364364399,0.592984083223756,0.5522745411013568,0.5314900153609831,0.574750830564784,0.6309210526315789,0.6519374575118967,0.6112173358827279
71,all,support,perspectrum_all.csv,xlm-roberta-large,0.0004992504125499987,0.008259796231108053,45,0.9,0.8,2,10,0.7204021442102804,0.7197659616904809,0.7254539825445305,0.6881369751324908,0.6482334869431644,0.733275412684622,0.7526673132880699,0.7912984364377974,0.717632552404439,0.7204021442102804,0.7197659616904809,0.7254539825445305,0.6881369751324908,0.6482334869431644,0.733275412684622,0.7526673132880699,0.7912984364377974,0.717632552404439
72,80,attack_support,ibmcs_all.csv,bert-base,0.012590227630712925,2.1071764306825234e-08,232,0.8,0.8,2,10,0.5072727272727273,0.5239749182115594,0.5285705003248863,0.4,0.3236641221374046,0.5234567901234568,0.6145454545454545,0.7242857142857143,0.5336842105263158,0.5072727272727273,0.5239749182115594,0.5285705003248863,0.4,0.3236641221374046,0.5234567901234568,0.6145454545454545,0.7242857142857143,0.5336842105263158
73,80,attack_support,ibmcs_all.csv,bert-large,0.00012697962995005476,0.0004508026637129646,122,0.9,0.7000000000000001,3,30,0.5497302841099203,0.5658178844056707,0.5797009777251911,0.4480457578646329,0.35877862595419846,0.5964467005076142,0.6514148103552078,0.7728571428571429,0.562955254942768,0.5497302841099203,0.5658178844056707,0.5797009777251911,0.4480457578646329,0.35877862595419846,0.5964467005076142,0.6514148103552078,0.7728571428571429,0.562955254942768
74,80,attack_support,ibmcs_all.csv,distilbert,0.010061489021530251,7.016084670909481e-07,171,1.0,0.8,3,100,0.5079929033681424,0.5265866957470011,0.5323407371247254,0.39579349904397704,0.31603053435114503,0.5294117647058824,0.6201923076923077,0.7371428571428571,0.5352697095435685,0.5079929033681424,0.5265866957470011,0.5323407371247254,0.39579349904397704,0.31603053435114503,0.5294117647058824,0.6201923076923077,0.7371428571428571,0.5352697095435685
75,80,attack_support,ibmcs_all.csv,all_lms,5.881429026285325e-06,0.06993447785424392,254,1.0,0.8,2,90,0.7219028072592322,0.7255452562704471,0.7511841146465873,0.6726457399103138,0.5725190839694656,0.8152173913043478,0.7711598746081505,0.8785714285714286,0.6871508379888268,0.7219028072592322,0.7255452562704471,0.7511841146465873,0.6726457399103138,0.5725190839694656,0.8152173913043478,0.7711598746081505,0.8785714285714286,0.6871508379888268
76,80,attack_support,ibmcs_all.csv,roberta-base,0.001885918581988354,0.0007293447012021858,55,0.9,0.4,3,10,0.5541400390307457,0.5584678298800436,0.5619219539688259,0.493595217762596,0.44122137404580153,0.560077519379845,0.6146848602988954,0.6757142857142857,0.5637663885578069,0.5541400390307457,0.5584678298800436,0.5619219539688259,0.493595217762596,0.44122137404580153,0.560077519379845,0.6146848602988954,0.6757142857142857,0.5637663885578069
77,80,attack_support,ibmcs_all.csv,roberta-large,0.00021514442005033586,7.252996472120232e-06,151,0.6000000000000001,0.6000000000000001,3,100,0.7127225577232943,0.7152235550708833,0.7326129591913706,0.6684118673647469,0.5847328244274809,0.780040733197556,0.7570332480818416,0.8457142857142858,0.6851851851851852,0.7127225577232943,0.7152235550708833,0.7326129591913706,0.6684118673647469,0.5847328244274809,0.780040733197556,0.7570332480818416,0.8457142857142858,0.6851851851851852
78,80,attack_support,ibmcs_all.csv,xlm-roberta-base,0.005266895596677275,2.2855070806895246e-08,230,0.5,1.0,3,10,0.5005983446556219,0.5155016357688114,0.5180753991465208,0.3977695167286245,0.3267175572519084,0.5083135391923991,0.6034271725826192,0.7042857142857143,0.5278372591006424,0.5005983446556219,0.5155016357688114,0.5180753991465208,0.3977695167286245,0.3267175572519084,0.5083135391923991,0.6034271725826192,0.7042857142857143,0.5278372591006424
79,80,attack_support,ibmcs_all.csv,xlm-roberta-large,0.07714925135411053,0.8846558276114429,124,0.8,0.7000000000000001,2,10,0.680728768187443,0.6846128680479826,0.7019174343878666,0.6284201235657546,0.5435114503816794,0.7447698744769874,0.7330374128091313,0.8257142857142857,0.6590649942987458,0.680728768187443,0.6846128680479826,0.7019174343878666,0.6284201235657546,0.5435114503816794,0.7447698744769874,0.7330374128091313,0.8257142857142857,0.6590649942987458
80,80,attack_support,ibmcs_all.csv,roberta-base,0.007042054330252317,0.11123320887605545,144,0.9,1.0,3,30,0.552997435719731,0.5570883315158124,0.5602832795946568,0.49361702127659574,0.44274809160305345,0.5576923076923077,0.6123778501628664,0.6714285714285714,0.562874251497006,0.552997435719731,0.5570883315158124,0.5602832795946568,0.49361702127659574,0.44274809160305345,0.5576923076923077,0.6123778501628664,0.6714285714285714,0.562874251497006
81,80,attack_support,ibmcs_all.csv,roberta-large,0.37192967656211134,1.9535806960261953e-07,205,0.4,0.4,2,100,0.7178150932897054,0.719432933478735,0.7331007191577699,0.6786632390745502,0.6045801526717557,0.7734375,0.7569669475048606,0.8342857142857143,0.6927639383155397,0.7178150932897054,0.719432933478735,0.7331007191577699,0.6786632390745502,0.6045801526717557,0.7734375,0.7569669475048606,0.8342857142857143,0.6927639383155397
82,80,attack_support,ibmcs_all.csv,xlm-roberta-base,0.005002804547554672,0.00011048814323457427,188,0.9,0.4,3,100,0.5604015644975271,0.5823718647764449,0.6081809953195805,0.44555444555444557,0.34045801526717556,0.6445086705202312,0.6752486834406086,0.8242857142857143,0.5718533201189296,0.5604015644975271,0.5823718647764449,0.6081809953195805,0.44555444555444557,0.34045801526717556,0.6445086705202312,0.6752486834406086,0.8242857142857143,0.5718533201189296
83,80,attack_support,ibmcs_all.csv,xlm-roberta-large,0.015438638974994884,5.144382762097421e-07,252,0.7000000000000001,0.8,1,40,0.694754149070662,0.6985278080697928,0.718188050413964,0.6436170212765958,0.5541984732824428,0.7674418604651163,0.7458912768647282,0.8428571428571429,0.6689342403628118,0.694754149070662,0.6985278080697928,0.718188050413964,0.6436170212765958,0.5541984732824428,0.7674418604651163,0.7458912768647282,0.8428571428571429,0.6689342403628118
84,80,attack_support,argmin_all.csv,bert-base,0.05856024271863895,0.009017567584790265,79,0.7000000000000001,1.0,2,50,0.5233381517492769,0.5262894110459122,0.5281382645827923,0.6156702562198292,0.6621405750798722,0.57529493407356,0.4310060472787246,0.3904382470119522,0.48098159509202454,0.5233381517492769,0.5262894110459122,0.5281382645827923,0.6156702562198292,0.6621405750798722,0.57529493407356,0.4310060472787246,0.3904382470119522,0.48098159509202454
85,80,attack_support,argmin_all.csv,bert-large,5.314114812318573e-08,0.9417819453282181,208,0.5,0.6000000000000001,2,100,0.5610105469708119,0.5631849598411466,0.5678846890213883,0.6474074074074074,0.6980830670926518,0.6035911602209945,0.4746136865342163,0.42828685258964144,0.5321782178217822,0.5610105469708119,0.5631849598411466,0.5678846890213883,0.6474074074074074,0.6980830670926518,0.6035911602209945,0.4746136865342163,0.42828685258964144,0.5321782178217822
86,80,attack_support,argmin_all.csv,distilbert,1.3976143766338986e-05,0.00023861055391397463,168,0.5,0.5,3,90,0.4929811547765619,0.5070421190636814,0.5086079809558632,0.6318719554627698,0.7252396166134185,0.55980271270037,0.3540903540903541,0.28884462151394424,0.45741324921135645,0.4929811547765619,0.5070421190636814,0.5086079809558632,0.6318719554627698,0.7252396166134185,0.55980271270037,0.3540903540903541,0.28884462151394424,0.45741324921135645
87,80,attack_support,argmin_all.csv,all_lms,2.7468771670664046e-06,0.04814731736101738,157,0.9,0.6000000000000001,2,70,0.6710958929210188,0.6708724208596922,0.6713724926995069,0.7092930897537729,0.713258785942492,0.7053712480252765,0.6328986960882647,0.6284860557768924,0.6373737373737374,0.6710958929210188,0.6708724208596922,0.6713724926995069,0.7092930897537729,0.713258785942492,0.7053712480252765,0.6328986960882647,0.6284860557768924,0.6373737373737374
88,80,attack_support,argmin_all.csv,roberta-base,3.465358545461406e-05,4.6866318398255205e-07,28,0.8,1.0,2,40,0.5644283121597097,0.5672867634891743,0.5733775900779756,0.6551724137931035,0.713258785942492,0.6058344640434192,0.47368421052631576,0.4213147410358566,0.540920716112532,0.5644283121597097,0.5672867634891743,0.5733775900779756,0.6551724137931035,0.713258785942492,0.6058344640434192,0.47368421052631576,0.4213147410358566,0.540920716112532
89,80,attack_support,argmin_all.csv,roberta-large,1.6522365758150562e-05,0.5002710034750004,2,0.6000000000000001,0.7000000000000001,1,50,0.6682794744318181,0.669049043442842,0.6679374834035128,0.6988636363636364,0.6876996805111821,0.7103960396039604,0.6376953125,0.650398406374502,0.6254789272030651,0.6682794744318181,0.669049043442842,0.6679374834035128,0.6988636363636364,0.6876996805111821,0.7103960396039604,0.6376953125,0.650398406374502,0.6254789272030651
90,80,attack_support,argmin_all.csv,xlm-roberta-base,1.3345174000480604e-07,0.00016063423490455132,154,0.7000000000000001,0.8,2,90,0.5312052449388481,0.5337643038071357,0.5360247340075628,0.6207666542612579,0.6661341853035144,0.581184668989547,0.44164383561643833,0.40139442231075695,0.49086479902557856,0.5312052449388481,0.5337643038071357,0.5360247340075628,0.6207666542612579,0.6661341853035144,0.581184668989547,0.44164383561643833,0.40139442231075695,0.49086479902557856
91,80,attack_support,argmin_all.csv,xlm-roberta-large,0.10563508600432685,0.002416373646614868,26,1.0,0.6000000000000001,3,90,0.5635530142153663,0.5655763527360208,0.5703390662132699,0.6488691138301816,0.6988817891373802,0.6055363321799307,0.478236914600551,0.43227091633466136,0.5351418002466092,0.5635530142153663,0.5655763527360208,0.5703390662132699,0.6488691138301816,0.6988817891373802,0.6055363321799307,0.478236914600551,0.43227091633466136,0.5351418002466092
92,80,attack_support,argmin_all.csv,roberta-base,1.8371158042718534e-05,0.8406865704969715,12,0.6000000000000001,0.5,3,10,0.5578375007576283,0.5635334063108588,0.572482222514669,0.6630862871464375,0.7396166134185304,0.6009085009733939,0.4525887143688191,0.38745019920318724,0.544055944055944,0.5578375007576283,0.5635334063108588,0.572482222514669,0.6630862871464375,0.7396166134185304,0.6009085009733939,0.4525887143688191,0.38745019920318724,0.544055944055944
93,80,attack_support,argmin_all.csv,roberta-large,5.893453021736018e-07,0.23429378537587645,2,0.6000000000000001,0.6000000000000001,2,30,0.6671043226394542,0.6676584397235339,0.6667906561523582,0.6992724333063863,0.6908945686900958,0.7078559738134206,0.634936211972522,0.6444223107569721,0.625725338491296,0.6671043226394542,0.6676584397235339,0.6667906561523582,0.6992724333063863,0.6908945686900958,0.7078559738134206,0.634936211972522,0.6444223107569721,0.625725338491296
94,80,attack_support,argmin_all.csv,xlm-roberta-base,0.12683249286554207,2.6700905698916753e-07,49,0.9,1.0,1,30,0.5252446608982464,0.5284882832885709,0.5306578029288005,0.6193118756936736,0.6685303514376997,0.5768435561681599,0.4311774461028193,0.3884462151394422,0.484472049689441,0.5252446608982464,0.5284882832885709,0.5306578029288005,0.6193118756936736,0.6685303514376997,0.5768435561681599,0.4311774461028193,0.3884462151394422,0.484472049689441
95,80,attack_support,argmin_all.csv,xlm-roberta-large,0.6212450829197279,7.170467449241653e-05,175,0.9,0.4,2,80,0.578851072598926,0.5792007688097451,0.5822855744848265,0.6486692015209126,0.6813099041533547,0.6190130624092888,0.5090329436769394,0.4770916334661355,0.5455580865603644,0.578851072598926,0.5792007688097451,0.5822855744848265,0.6486692015209126,0.6813099041533547,0.6190130624092888,0.5090329436769394,0.4770916334661355,0.5455580865603644
96,80,attack_support,perspectrum_all.csv,bert-base,1.5842306887179386e-07,0.12840985998926766,8,1.0,1.0,2,50,0.5781023712059299,0.5811082881432216,0.5863572433192685,0.5117672229353872,0.4592933947772657,0.5777777777777777,0.6444375194764724,0.7029231815091774,0.5949367088607594,0.5781023712059299,0.5811082881432216,0.5863572433192685,0.5117672229353872,0.4592933947772657,0.5777777777777777,0.6444375194764724,0.7029231815091774,0.5949367088607594
97,80,attack_support,perspectrum_all.csv,bert-large,1.5528413860908424e-07,5.026548033280472e-07,242,0.8,0.5,2,70,0.6329485503402048,0.6329957258664962,0.6357507999479848,0.5933710590137429,0.5637480798771122,0.6262798634812287,0.6725260416666667,0.7022433718558804,0.6452217364147408,0.6329485503402048,0.6329957258664962,0.6357507999479848,0.5933710590137429,0.5637480798771122,0.6262798634812287,0.6725260416666667,0.7022433718558804,0.6452217364147408
98,80,attack_support,perspectrum_all.csv,distilbert,0.391063717801373,0.05718510555416883,2,0.7000000000000001,0.9,3,70,0.5668046092712349,0.5690040736366475,0.5723530487377586,0.505254308532997,0.46159754224270355,0.5580315691736305,0.6283549100094727,0.6764106050305915,0.5866745283018868,0.5668046092712349,0.5690040736366475,0.5723530487377586,0.505254308532997,0.46159754224270355,0.5580315691736305,0.6283549100094727,0.6764106050305915,0.5866745283018868
99,80,attack_support,perspectrum_all.csv,all_lms,0.00011273686995018937,3.6048553672715076e-07,218,0.8,0.9,2,80,0.7805826005848016,0.7798732483936756,0.7822482552500466,0.7618296529968455,0.7419354838709677,0.7828200972447326,0.7993355481727575,0.8178110129163834,0.7816764132553606,0.7805826005848016,0.7798732483936756,0.7822482552500466,0.7618296529968455,0.7419354838709677,0.7828200972447326,0.7993355481727575,0.8178110129163834,0.7816764132553606
100,80,attack_support,perspectrum_all.csv,roberta-base,3.310428570048972e-05,0.001008316883459475,10,0.8,0.5,1,80,0.6279703809242858,0.6278300601177293,0.6283245329064681,0.6004672897196262,0.5921658986175116,0.6090047393364929,0.6554734721289456,0.663494221617947,0.6476443264764432,0.6279703809242858,0.6278300601177293,0.6283245329064681,0.6004672897196262,0.5921658986175116,0.6090047393364929,0.6554734721289456,0.663494221617947,0.6476443264764432
101,80,attack_support,perspectrum_all.csv,roberta-large,2.066647758584227e-05,5.518790741408875e-05,10,0.5,0.6000000000000001,3,70,0.7644452591294395,0.7634794976300645,0.7684557438794727,0.7397260273972601,0.7050691244239631,0.7779661016949152,0.7891644908616188,0.8218898708361658,0.7589453860640302,0.7644452591294395,0.7634794976300645,0.7684557438794727,0.7397260273972601,0.7050691244239631,0.7779661016949152,0.7891644908616188,0.8218898708361658,0.7589453860640302
102,80,attack_support,perspectrum_all.csv,xlm-roberta-base,2.960379084737756e-05,0.0014093672776050179,63,0.6000000000000001,0.5,2,90,0.5622384486942431,0.5626993873359085,0.5638143141068563,0.5170888620828307,0.49385560675883255,0.5426160337552742,0.6073880353056555,0.6315431679129844,0.5850125944584383,0.5622384486942431,0.5626993873359085,0.5638143141068563,0.5170888620828307,0.49385560675883255,0.5426160337552742,0.6073880353056555,0.6315431679129844,0.5850125944584383
103,80,attack_support,perspectrum_all.csv,xlm-roberta-large,0.19284730427361607,1.4661644799733009e-05,23,0.9,0.5,2,20,0.6887662994794308,0.6885357046263605,0.6944917833231893,0.6504934210526315,0.6075268817204301,0.7,0.72703917790623,0.769544527532291,0.6889835666463786,0.6887662994794308,0.6885357046263605,0.6944917833231893,0.6504934210526315,0.6075268817204301,0.7,0.72703917790623,0.769544527532291,0.6889835666463786
104,80,attack_support,perspectrum_all.csv,roberta-base,0.1732818656941118,3.82014994848404e-06,11,0.7000000000000001,0.9,3,100,0.63634871624126,0.6361642549609918,0.6369862114248195,0.6073667711598747,0.5952380952380952,0.62,0.6653306613226453,0.6770904146838885,0.6539724228496389,0.63634871624126,0.6361642549609918,0.6369862114248195,0.6073667711598747,0.5952380952380952,0.62,0.6653306613226453,0.6770904146838885,0.6539724228496389
105,80,attack_support,perspectrum_all.csv,roberta-large,0.0019599045941454314,0.00039193230786977275,5,0.4,0.9,3,80,0.7627120983346813,0.7617799734968218,0.7664349711443421,0.738238841978287,0.7050691244239631,0.7746835443037975,0.7871853546910755,0.8184908225696805,0.7581863979848866,0.7627120983346813,0.7617799734968218,0.7664349711443421,0.738238841978287,0.7050691244239631,0.7746835443037975,0.7871853546910755,0.8184908225696805,0.7581863979848866
106,80,attack_support,perspectrum_all.csv,xlm-roberta-base,2.5596700233980038e-08,0.3158628573814778,61,0.7000000000000001,0.5,2,90,0.5487008147249111,0.5494039395543748,0.5504158674339301,0.5002020202020202,0.4754224270353303,0.5277067348678602,0.597199609247802,0.6233854520734194,0.573125,0.5487008147249111,0.5494039395543748,0.5504158674339301,0.5002020202020202,0.4754224270353303,0.5277067348678602,0.597199609247802,0.6233854520734194,0.573125
107,80,attack_support,perspectrum_all.csv,xlm-roberta-large,1.8569768811931109e-06,1.5901184424392965e-05,7,0.4,0.5,2,100,0.7050011305626025,0.7046255773421843,0.7116254619599847,0.6677672307057366,0.6213517665130568,0.7216770740410348,0.7422350304194685,0.787899388171312,0.7015738498789347,0.7050011305626025,0.7046255773421843,0.7116254619599847,0.6677672307057366,0.6213517665130568,0.7216770740410348,0.7422350304194685,0.787899388171312,0.7015738498789347
108,80,attack,ibmcs_all.csv,bert-base,0.0016811927950120763,0.00030757313822364526,241,0.7000000000000001,0.4,3,70,0.4908287175688077,0.5251908396946565,0.5361497821623517,0.3420229405630866,0.250381679389313,0.5394736842105263,0.6396344945745288,0.8,0.532825880114177,0.4908287175688077,0.5251908396946565,0.5361497821623517,0.3420229405630866,0.250381679389313,0.5394736842105263,0.6396344945745288,0.8,0.532825880114177
109,80,attack,ibmcs_all.csv,bert-large,0.0011882664077602243,6.402785394678728e-07,234,0.7000000000000001,0.5,3,50,0.5129883399447049,0.5491057797164668,0.5738317757009346,0.3638297872340426,0.26106870229007634,0.6,0.6621468926553673,0.8371428571428572,0.5476635514018692,0.5129883399447049,0.5491057797164668,0.5738317757009346,0.3638297872340426,0.26106870229007634,0.6,0.6621468926553673,0.8371428571428572,0.5476635514018692
110,80,attack,ibmcs_all.csv,distilbert,2.47486700691493e-07,0.002712607623343268,6,0.7000000000000001,0.4,2,100,0.5375476518627171,0.5503489640130862,0.5583316908988918,0.44403330249768735,0.366412213740458,0.5633802816901409,0.631062001227747,0.7342857142857143,0.5532831001076426,0.5375476518627171,0.5503489640130862,0.5583316908988918,0.44403330249768735,0.366412213740458,0.5633802816901409,0.631062001227747,0.7342857142857143,0.5532831001076426
111,80,attack,ibmcs_all.csv,all_lms,2.6834577067323317e-07,1.5445984501470637e-05,55,0.8,0.8,2,50,0.7140541584162863,0.7175899672846238,0.7405738179292783,0.6648841354723708,0.5694656488549619,0.7987152034261242,0.7632241813602016,0.8657142857142858,0.6824324324324325,0.7140541584162863,0.7175899672846238,0.7405738179292783,0.6648841354723708,0.5694656488549619,0.7987152034261242,0.7632241813602016,0.8657142857142858,0.6824324324324325
112,80,attack,ibmcs_all.csv,roberta-base,2.311599455603351e-06,9.355738370045638e-07,90,1.0,0.5,1,40,0.520727221279004,0.5617175572519084,0.6002796028151645,0.3640350877192982,0.2534351145038168,0.6459143968871596,0.6774193548387096,0.87,0.5546448087431693,0.520727221279004,0.5617175572519084,0.6002796028151645,0.3640350877192982,0.2534351145038168,0.6459143968871596,0.6774193548387096,0.87,0.5546448087431693
113,80,attack,ibmcs_all.csv,roberta-large,0.06230587562359952,0.03144903709377299,116,0.9,0.5,1,50,0.7220873355861248,0.7233478735005452,0.7356771013131913,0.6853741496598639,0.6152671755725191,0.7735124760076776,0.7588005215123859,0.8314285714285714,0.697841726618705,0.7220873355861248,0.7233478735005452,0.7356771013131913,0.6853741496598639,0.6152671755725191,0.7735124760076776,0.7588005215123859,0.8314285714285714,0.697841726618705
114,80,attack,ibmcs_all.csv,xlm-roberta-base,3.43741596611657e-08,0.4052869651235328,2,0.8,0.8,3,80,0.5232355930020085,0.5554089422028353,0.580077792557383,0.38284518828451886,0.27938931297709924,0.6079734219269103,0.6636259977194982,0.8314285714285714,0.5521821631878557,0.5232355930020085,0.5554089422028353,0.580077792557383,0.38284518828451886,0.27938931297709924,0.6079734219269103,0.6636259977194982,0.8314285714285714,0.5521821631878557
115,80,attack,ibmcs_all.csv,xlm-roberta-large,0.008194539740038911,3.3257437163345935e-07,2,0.9,0.8,2,100,0.6905738571488984,0.6957470010905125,0.7203806015960712,0.6334841628959276,0.5343511450381679,0.7777777777777778,0.7476635514018691,0.8571428571428571,0.6629834254143646,0.6905738571488984,0.6957470010905125,0.7203806015960712,0.6334841628959276,0.5343511450381679,0.7777777777777778,0.7476635514018691,0.8571428571428571,0.6629834254143646
116,80,attack,ibmcs_all.csv,roberta-base,0.00010608984438778962,1.4513145295208446e-07,46,0.6000000000000001,0.7000000000000001,3,60,0.5298447350240142,0.5738113413304253,0.6273011442714955,0.36954087346024633,0.25190839694656486,0.6932773109243697,0.690148596587782,0.8957142857142857,0.5613249776186213,0.5298447350240142,0.5738113413304253,0.6273011442714955,0.36954087346024633,0.25190839694656486,0.6932773109243697,0.690148596587782,0.8957142857142857,0.5613249776186213
117,80,attack,ibmcs_all.csv,roberta-large,0.8281999640191107,2.3281903932627617e-06,200,0.5,0.5,1,40,0.7220873355861248,0.7233478735005452,0.7356771013131913,0.6853741496598639,0.6152671755725191,0.7735124760076776,0.7588005215123859,0.8314285714285714,0.697841726618705,0.7220873355861248,0.7233478735005452,0.7356771013131913,0.6853741496598639,0.6152671755725191,0.7735124760076776,0.7588005215123859,0.8314285714285714,0.697841726618705
118,80,attack,ibmcs_all.csv,xlm-roberta-base,0.0031284246180300944,0.006441185952996174,3,0.4,1.0,3,20,0.5232355930020085,0.5554089422028353,0.580077792557383,0.38284518828451886,0.27938931297709924,0.6079734219269103,0.6636259977194982,0.8314285714285714,0.5521821631878557,0.5232355930020085,0.5554089422028353,0.580077792557383,0.38284518828451886,0.27938931297709924,0.6079734219269103,0.6636259977194982,0.8314285714285714,0.5521821631878557
119,80,attack,ibmcs_all.csv,xlm-roberta-large,2.160074563323336e-08,0.4893343546459886,72,0.8,0.7000000000000001,3,100,0.6895646412671286,0.6944165757906215,0.7174443338602345,0.6336633663366336,0.5374045801526718,0.7719298245614035,0.7454659161976235,0.8514285714285714,0.6629588431590656,0.6895646412671286,0.6944165757906215,0.7174443338602345,0.6336633663366336,0.5374045801526718,0.7719298245614035,0.7454659161976235,0.8514285714285714,0.6629588431590656
120,80,attack,argmin_all.csv,bert-base,0.043961877633130066,8.421862325939051e-06,72,1.0,0.8,1,20,0.490307328605201,0.5007318966943727,0.5008528120550546,0.6177304964539007,0.6956869009584664,0.5554846938775511,0.36288416075650126,0.3057768924302789,0.44622093023255816,0.490307328605201,0.5007318966943727,0.5008528120550546,0.6177304964539007,0.6956869009584664,0.5554846938775511,0.36288416075650126,0.3057768924302789,0.44622093023255816
121,80,attack,argmin_all.csv,bert-large,0.12883359267937822,0.00010874796017764903,239,0.4,0.9,2,90,0.5125012350269581,0.5253888598958797,0.5310641168277106,0.6462608695652173,0.7420127795527156,0.5723967960566851,0.3787416004886988,0.30876494023904383,0.48973143759873616,0.5125012350269581,0.5253888598958797,0.5310641168277106,0.6462608695652173,0.7420127795527156,0.5723967960566851,0.3787416004886988,0.30876494023904383,0.48973143759873616
122,80,attack,argmin_all.csv,distilbert,1.0545951690473204e-08,0.36303692050358116,42,0.5,0.4,1,10,0.5068215561173308,0.5156816822168196,0.5180976863753213,0.6274928774928775,0.7036741214057508,0.5661953727506427,0.386150234741784,0.32768924302788843,0.47,0.5068215561173308,0.5156816822168196,0.5180976863753213,0.6274928774928775,0.7036741214057508,0.5661953727506427,0.386150234741784,0.32768924302788843,0.47
123,80,attack,argmin_all.csv,all_lms,1.189942168510103e-06,0.0055677003071308295,25,0.8,0.6000000000000001,2,60,0.6685055341713118,0.6679925664753128,0.6693701555361635,0.7102362204724411,0.7204472843450479,0.7003105590062112,0.6267748478701826,0.6155378486055777,0.6384297520661157,0.6685055341713118,0.6679925664753128,0.6693701555361635,0.7102362204724411,0.7204472843450479,0.7003105590062112,0.6267748478701826,0.6155378486055777,0.6384297520661157
124,80,attack,argmin_all.csv,roberta-base,1.3206628887296108e-05,2.2296047681263667e-07,2,0.9,0.9,2,70,0.577162070767778,0.5776080979595993,0.5807994970841315,0.6481973434535104,0.6821086261980831,0.6174981923355025,0.5061267980820457,0.47310756972111556,0.5441008018327605,0.577162070767778,0.5776080979595993,0.5807994970841315,0.6481973434535104,0.6821086261980831,0.6174981923355025,0.5061267980820457,0.47310756972111556,0.5441008018327605
125,80,attack,argmin_all.csv,roberta-large,0.014482761225652143,0.055409080807188156,108,0.9,0.5,1,40,0.6444965971359848,0.6451207947761669,0.6442250447693931,0.6777462505066884,0.6677316293929713,0.6880658436213992,0.6112469437652812,0.6225099601593626,0.6003842459173871,0.6444965971359848,0.6451207947761669,0.6442250447693931,0.6777462505066884,0.6677316293929713,0.6880658436213992,0.6112469437652812,0.6225099601593626,0.6003842459173871
126,80,attack,argmin_all.csv,xlm-roberta-base,0.0003847666018165943,0.0029964418031883226,190,1.0,0.5,3,20,0.49078526242799775,0.49639938647964055,0.4960518476323734,0.5989031078610603,0.6541533546325878,0.5522589345920431,0.38266741699493523,0.3386454183266932,0.4398447606727037,0.49078526242799775,0.49639938647964055,0.4960518476323734,0.5989031078610603,0.6541533546325878,0.5522589345920431,0.38266741699493523,0.3386454183266932,0.4398447606727037
127,80,attack,argmin_all.csv,xlm-roberta-large,4.9651610523292926e-08,0.3897396752645426,4,0.7000000000000001,0.6000000000000001,1,80,0.588853500420901,0.5889684075200794,0.5921707525127026,0.6557377049180327,0.6869009584664537,0.6272793581327498,0.5219692959237692,0.4910358565737052,0.5570621468926553,0.588853500420901,0.5889684075200794,0.5921707525127026,0.6557377049180327,0.6869009584664537,0.6272793581327498,0.5219692959237692,0.4910358565737052,0.5570621468926553
128,80,attack,argmin_all.csv,roberta-base,0.34510582384648225,0.0002629341767411867,2,0.5,0.9,2,70,0.577162070767778,0.5776080979595993,0.5807994970841315,0.6481973434535104,0.6821086261980831,0.6174981923355025,0.5061267980820457,0.47310756972111556,0.5441008018327605,0.577162070767778,0.5776080979595993,0.5807994970841315,0.6481973434535104,0.6821086261980831,0.6174981923355025,0.5061267980820457,0.47310756972111556,0.5441008018327605
129,80,attack,argmin_all.csv,roberta-large,0.09511956199260033,3.590501262327674e-08,225,0.7000000000000001,0.5,1,40,0.6428804936030291,0.6433308300344946,0.6426318589451284,0.6777059773828756,0.6701277955271565,0.6854575163398693,0.6080550098231826,0.6165338645418327,0.5998062015503876,0.6428804936030291,0.6433308300344946,0.6426318589451284,0.6777059773828756,0.6701277955271565,0.6854575163398693,0.6080550098231826,0.6165338645418327,0.5998062015503876
130,80,attack,argmin_all.csv,xlm-roberta-base,1.1308990125712535e-06,0.032980856880118106,201,0.9,0.4,3,60,0.5017488169265762,0.5165233634153482,0.5205386729268252,0.6419923901764096,0.7412140575079872,0.5661989017693716,0.36150524367674275,0.2918326693227092,0.47487844408427876,0.5017488169265762,0.5165233634153482,0.5205386729268252,0.6419923901764096,0.7412140575079872,0.5661989017693716,0.36150524367674275,0.2918326693227092,0.47487844408427876
131,80,attack,argmin_all.csv,xlm-roberta-large,0.0002575802736172062,0.16377224713274638,5,0.6000000000000001,0.9,1,80,0.5876588801938314,0.588597685933582,0.593999837942956,0.6644245142002989,0.7100638977635783,0.6242977528089888,0.5108932461873639,0.46713147410358563,0.5637019230769231,0.5876588801938314,0.588597685933582,0.593999837942956,0.6644245142002989,0.7100638977635783,0.6242977528089888,0.5108932461873639,0.46713147410358563,0.5637019230769231
132,80,attack,perspectrum_all.csv,bert-base,2.9530538595448375e-05,3.3052046625605046e-07,141,0.9,1.0,3,50,0.5783675444052803,0.5806621304252935,0.5849590513733134,0.5164835164835164,0.46927803379416283,0.5742481203007519,0.640251572327044,0.6920462270564242,0.5956699824458748,0.5783675444052803,0.5806621304252935,0.5849590513733134,0.5164835164835164,0.46927803379416283,0.5742481203007519,0.640251572327044,0.6920462270564242,0.5956699824458748
133,80,attack,perspectrum_all.csv,bert-large,6.773369134691705e-05,6.242692116235116e-08,2,0.9,1.0,2,70,0.6166038905866486,0.6184257655168381,0.6252313434483977,0.5588110403397027,0.5053763440860215,0.6248812915479582,0.6743967408335944,0.7314751869476547,0.6255813953488372,0.6166038905866486,0.6184257655168381,0.6252313434483977,0.5588110403397027,0.5053763440860215,0.6248812915479582,0.6743967408335944,0.7314751869476547,0.6255813953488372
134,80,attack,perspectrum_all.csv,distilbert,1.1515606437962336e-05,0.060929167858893005,3,0.9,0.9,3,70,0.5705064709124112,0.5737807545991578,0.5786791996890872,0.5023574796399486,0.4500768049155146,0.5683802133850631,0.6386554621848739,0.6974847042828008,0.5889781859931114,0.5705064709124112,0.5737807545991578,0.5786791996890872,0.5023574796399486,0.4500768049155146,0.5683802133850631,0.6386554621848739,0.6974847042828008,0.5889781859931114
135,80,attack,perspectrum_all.csv,all_lms,0.010138364788315224,4.420142842084934e-07,79,0.4,0.6000000000000001,2,100,0.7491305546146352,0.7482769801414129,0.7529661016949152,0.7228041901692183,0.6889400921658986,0.7601694915254237,0.7754569190600522,0.8076138681169273,0.7457627118644068,0.7491305546146352,0.7482769801414129,0.7529661016949152,0.7228041901692183,0.6889400921658986,0.7601694915254237,0.7754569190600522,0.8076138681169273,0.7457627118644068
136,80,attack,perspectrum_all.csv,roberta-base,0.010063846533895134,3.914810724439966e-06,152,0.6000000000000001,0.8,2,90,0.6198550307640023,0.6201837678998268,0.6198396244784568,0.6027190332326284,0.6129032258064516,0.5928677563150074,0.6369910282953761,0.6274643099932019,0.6468114926419061,0.6198550307640023,0.6201837678998268,0.6198396244784568,0.6027190332326284,0.6129032258064516,0.5928677563150074,0.6369910282953761,0.6274643099932019,0.6468114926419061
137,80,attack,perspectrum_all.csv,roberta-large,8.30201299687838e-08,0.0004004822130952227,8,0.9,0.5,2,10,0.7483881129329055,0.7474958778055201,0.7532761929798689,0.7202598457166057,0.6812596006144394,0.7639965546942291,0.7765163801492054,0.8137321549966009,0.7425558312655087,0.7483881129329055,0.7474958778055201,0.7532761929798689,0.7202598457166057,0.6812596006144394,0.7639965546942291,0.7765163801492054,0.8137321549966009,0.7425558312655087
138,80,attack,perspectrum_all.csv,xlm-roberta-base,2.972519646097507e-07,0.10226893189542656,254,1.0,0.4,2,100,0.567407417370883,0.5683323569554135,0.5702085769771359,0.5165508786268901,0.48540706605222733,0.5519650655021834,0.6182639561148757,0.6512576478585996,0.5884520884520884,0.567407417370883,0.5683323569554135,0.5702085769771359,0.5165508786268901,0.48540706605222733,0.5519650655021834,0.6182639561148757,0.6512576478585996,0.5884520884520884
139,80,attack,perspectrum_all.csv,xlm-roberta-large,2.5481946653109416e-05,4.943258609454652e-05,8,0.9,0.5,2,70,0.6829052627892209,0.6827293887665371,0.6831932922667181,0.6607212097712291,0.6543778801843319,0.6671887235708692,0.7050893158072127,0.7110808973487424,0.6991978609625669,0.6829052627892209,0.6827293887665371,0.6831932922667181,0.6607212097712291,0.6543778801843319,0.6671887235708692,0.7050893158072127,0.7110808973487424,0.6991978609625669
140,80,attack,perspectrum_all.csv,roberta-base,0.11003389174907138,0.5961333948248703,85,0.8,0.8,3,80,0.6184096126300251,0.6187359090913838,0.618395911580004,0.6012084592145015,0.6113671274961597,0.5913818722139673,0.6356107660455487,0.6261046906866078,0.6454099509460406,0.6184096126300251,0.6187359090913838,0.618395911580004,0.6012084592145015,0.6113671274961597,0.5913818722139673,0.6356107660455487,0.6261046906866078,0.6454099509460406
141,80,attack,perspectrum_all.csv,roberta-large,0.0005975559837340491,1.3269230219974507e-06,221,0.8,0.4,1,70,0.75073993281414,0.7498441450218823,0.7551960560531946,0.7235936867664913,0.6866359447004609,0.7647562018819504,0.7778861788617886,0.8130523453433038,0.7456359102244389,0.75073993281414,0.7498441450218823,0.7551960560531946,0.7235936867664913,0.6866359447004609,0.7647562018819504,0.7778861788617886,0.8130523453433038,0.7456359102244389
142,80,attack,perspectrum_all.csv,xlm-roberta-base,1.0515511749709242e-06,0.04096154554224023,151,0.5,0.4,2,100,0.567407417370883,0.5683323569554135,0.5702085769771359,0.5165508786268901,0.48540706605222733,0.5519650655021834,0.6182639561148757,0.6512576478585996,0.5884520884520884,0.567407417370883,0.5683323569554135,0.5702085769771359,0.5165508786268901,0.48540706605222733,0.5519650655021834,0.6182639561148757,0.6512576478585996,0.5884520884520884
143,80,attack,perspectrum_all.csv,xlm-roberta-large,7.639852414411857e-08,9.811696873596151e-07,2,0.9,0.4,3,100,0.6833236863100918,0.6836248369657725,0.6832054785671793,0.6676783004552352,0.6758832565284179,0.6596701649175413,0.6989690721649484,0.6913664174031271,0.7067407922168172,0.6833236863100918,0.6836248369657725,0.6832054785671793,0.6676783004552352,0.6758832565284179,0.6596701649175413,0.6989690721649484,0.6913664174031271,0.7067407922168172
144,80,support,ibmcs_all.csv,bert-base,0.059951638672890696,4.3759474174131095e-08,18,1.0,0.7000000000000001,3,20,0.48700570053760284,0.5028680479825518,0.5033574525233234,0.38024231127679403,0.3114503816793893,0.4880382775119617,0.5937690897984117,0.6942857142857143,0.5186766275346851,0.48700570053760284,0.5028680479825518,0.5033574525233234,0.38024231127679403,0.3114503816793893,0.4880382775119617,0.5937690897984117,0.6942857142857143,0.5186766275346851
145,80,support,ibmcs_all.csv,bert-large,0.01625282881426403,0.2655328178575498,73,0.9,1.0,3,50,0.4961373629949149,0.5199400218102508,0.5254783548939064,0.3700787401574803,0.2870229007633588,0.5207756232686981,0.6221959858323495,0.7528571428571429,0.5301810865191147,0.4961373629949149,0.5199400218102508,0.5254783548939064,0.3700787401574803,0.2870229007633588,0.5207756232686981,0.6221959858323495,0.7528571428571429,0.5301810865191147
146,80,support,ibmcs_all.csv,distilbert,0.0004525672323553527,0.0001995327467592944,203,0.7000000000000001,0.5,3,60,0.44027783747128746,0.48,0.4709574845444411,0.2746331236897275,0.2,0.43812709030100333,0.6059225512528474,0.76,0.5037878787878788,0.44027783747128746,0.48,0.4709574845444411,0.2746331236897275,0.2,0.43812709030100333,0.6059225512528474,0.76,0.5037878787878788
147,80,support,ibmcs_all.csv,all_lms,4.009123902686201e-08,9.085282891339601e-06,110,0.5,0.9,1,10,0.5607641048734289,0.5824209378407852,0.6078370943624514,0.44666001994017945,0.3419847328244275,0.6436781609195402,0.6748681898066784,0.8228571428571428,0.5719960278053625,0.5607641048734289,0.5824209378407852,0.6078370943624514,0.44666001994017945,0.3419847328244275,0.6436781609195402,0.6748681898066784,0.8228571428571428,0.5719960278053625
148,80,support,ibmcs_all.csv,roberta-base,1.3093920216261745e-08,0.7264758181633224,70,1.0,0.5,3,90,0.5026208067526874,0.5252344601962923,0.531963621696586,0.38001958863858964,0.2961832061068702,0.5300546448087432,0.625222024866785,0.7542857142857143,0.5338725985844287,0.5026208067526874,0.5252344601962923,0.531963621696586,0.38001958863858964,0.2961832061068702,0.5300546448087432,0.625222024866785,0.7542857142857143,0.5338725985844287
149,80,support,ibmcs_all.csv,roberta-large,0.004595477706006876,0.2577340446914305,55,0.8,0.4,3,30,0.5249309515107735,0.5409432933478735,0.5488607614704688,0.421152030217186,0.34045801526717556,0.551980198019802,0.6287098728043611,0.7414285714285714,0.5457413249211357,0.5249309515107735,0.5409432933478735,0.5488607614704688,0.421152030217186,0.34045801526717556,0.551980198019802,0.6287098728043611,0.7414285714285714,0.5457413249211357
150,80,support,ibmcs_all.csv,xlm-roberta-base,0.06890330231299198,0.0015150162699598116,146,0.6000000000000001,0.8,2,10,0.4795166455036927,0.48818429661941115,0.48712528458646437,0.395778364116095,0.3435114503816794,0.46680497925311204,0.5632549268912904,0.6328571428571429,0.5074455899198167,0.4795166455036927,0.48818429661941115,0.48712528458646437,0.395778364116095,0.3435114503816794,0.46680497925311204,0.5632549268912904,0.6328571428571429,0.5074455899198167
151,80,support,ibmcs_all.csv,xlm-roberta-large,0.026691332586550362,3.024790626910548e-07,9,1.0,0.6000000000000001,2,10,0.5015148741182365,0.5200109051254089,0.5242318439442839,0.3889418493803623,0.3114503816793893,0.5177664974619289,0.6140878988561107,0.7285714285714285,0.5306971904266389,0.5015148741182365,0.5200109051254089,0.5242318439442839,0.3889418493803623,0.3114503816793893,0.5177664974619289,0.6140878988561107,0.7285714285714285,0.5306971904266389
152,80,support,ibmcs_all.csv,roberta-base,0.1519383238389381,1.0927069714993378e-07,220,1.0,0.5,3,100,0.495353289244692,0.5185605234460197,0.5235505742355058,0.3705882352941177,0.2885496183206107,0.5178082191780822,0.6201183431952663,0.7485714285714286,0.5292929292929293,0.495353289244692,0.5185605234460197,0.5235505742355058,0.3705882352941177,0.2885496183206107,0.5178082191780822,0.6201183431952663,0.7485714285714286,0.5292929292929293
153,80,support,ibmcs_all.csv,roberta-large,4.582663927771042e-06,0.17901054822252735,198,0.8,0.7000000000000001,3,40,0.5095110150351023,0.5224700109051255,0.5257746788954103,0.4132231404958678,0.3435114503816794,0.5184331797235023,0.6057988895743368,0.7014285714285714,0.5331161780673181,0.5095110150351023,0.5224700109051255,0.5257746788954103,0.4132231404958678,0.3435114503816794,0.5184331797235023,0.6057988895743368,0.7014285714285714,0.5331161780673181
154,80,support,ibmcs_all.csv,xlm-roberta-base,0.1102574718014363,0.00013813603797243392,99,0.5,0.9,3,20,0.48367102136160506,0.49555070883315155,0.49499636991542884,0.3887884267631103,0.3282442748091603,0.47671840354767187,0.5785536159600998,0.6628571428571428,0.5132743362831859,0.48367102136160506,0.49555070883315155,0.49499636991542884,0.3887884267631103,0.3282442748091603,0.47671840354767187,0.5785536159600998,0.6628571428571428,0.5132743362831859
155,80,support,ibmcs_all.csv,xlm-roberta-large,0.001245769674114765,0.01621040042451222,256,1.0,0.5,2,10,0.5311711480589447,0.5407906215921483,0.5455241391732752,0.4474393530997305,0.3801526717557252,0.5436681222707423,0.614902943018159,0.7014285714285714,0.5473801560758083,0.5311711480589447,0.5407906215921483,0.5455241391732752,0.4474393530997305,0.3801526717557252,0.5436681222707423,0.614902943018159,0.7014285714285714,0.5473801560758083
156,80,support,argmin_all.csv,bert-base,3.3715046912753635e-05,1.347394937979947e-05,179,0.9,0.6000000000000001,1,10,0.4934377836274767,0.4943309827781526,0.4941883556700232,0.5695568400770713,0.5902555910543131,0.5502606105733433,0.4173187271778821,0.398406374501992,0.43811610076670315,0.4934377836274767,0.4943309827781526,0.4941883556700232,0.5695568400770713,0.5902555910543131,0.5502606105733433,0.4173187271778821,0.398406374501992,0.43811610076670315
157,80,support,argmin_all.csv,bert-large,0.007437996067844633,1.026612836770879e-06,174,0.9,0.9,3,40,0.4992311697117189,0.5006268854295279,0.5006491901599908,0.5804729214340199,0.6078274760383386,0.5554744525547445,0.4179894179894179,0.3934262948207171,0.445823927765237,0.4992311697117189,0.5006268854295279,0.5006491901599908,0.5804729214340199,0.6078274760383386,0.5554744525547445,0.4179894179894179,0.3934262948207171,0.445823927765237
158,80,support,argmin_all.csv,distilbert,8.541015773596948e-07,5.5283289415708156e-08,135,0.8,0.9,1,30,0.4897935103244838,0.4943930348891972,0.49393543057754524,0.5929203539823009,0.6421725239616614,0.5506849315068493,0.38666666666666666,0.3466135458167331,0.4371859296482412,0.4897935103244838,0.4943930348891972,0.49393543057754524,0.5929203539823009,0.6421725239616614,0.5506849315068493,0.38666666666666666,0.3466135458167331,0.4371859296482412
159,80,support,argmin_all.csv,all_lms,1.475763997740512e-07,5.938735420984108e-06,234,0.7000000000000001,0.7000000000000001,1,60,0.5401444975426357,0.5412153303718035,0.5429283555178448,0.6176024279210924,0.6501597444089456,0.588150289017341,0.4626865671641791,0.43227091633466136,0.49770642201834864,0.5401444975426357,0.5412153303718035,0.5429283555178448,0.6176024279210924,0.6501597444089456,0.588150289017341,0.4626865671641791,0.43227091633466136,0.49770642201834864
160,80,support,argmin_all.csv,roberta-base,0.3317201244321753,0.00020946917052781677,224,0.7000000000000001,0.4,2,40,0.5078948179137633,0.5140603719308071,0.5156581258975692,0.617615077926785,0.6805111821086262,0.5653616456536165,0.39817455790074163,0.34760956175298807,0.465954606141522,0.5078948179137633,0.5140603719308071,0.5156581258975692,0.617615077926785,0.6805111821086262,0.5653616456536165,0.39817455790074163,0.34760956175298807,0.465954606141522
161,80,support,argmin_all.csv,roberta-large,4.783417595494535e-08,0.3892816849094812,139,0.5,0.7000000000000001,1,70,0.5242091242091242,0.5285026030065043,0.5311579254950934,0.6241758241758243,0.6805111821086262,0.5764546684709067,0.42424242424242425,0.37649402390438247,0.48586118251928023,0.5242091242091242,0.5285026030065043,0.5311579254950934,0.6241758241758243,0.6805111821086262,0.5764546684709067,0.42424242424242425,0.37649402390438247,0.48586118251928023
162,80,support,argmin_all.csv,xlm-roberta-base,1.4038832358894993e-05,1.7235798890151285e-05,209,0.7000000000000001,0.8,1,20,0.5030048218382376,0.5039061008362715,0.5040129362024874,0.5790080738177624,0.6014376996805112,0.5581912527798369,0.4270015698587128,0.4063745019920319,0.4498346196251378,0.5030048218382376,0.5039061008362715,0.5040129362024874,0.5790080738177624,0.6014376996805112,0.5581912527798369,0.4270015698587128,0.4063745019920319,0.4498346196251378
163,80,support,argmin_all.csv,xlm-roberta-large,0.5869569251643537,2.5768267682516118e-05,139,1.0,0.6000000000000001,2,80,0.4992523364485981,0.5079999490854473,0.5091753164279771,0.62,0.6932907348242812,0.5607235142118863,0.37850467289719625,0.32270916334661354,0.4576271186440678,0.4992523364485981,0.5079999490854473,0.5091753164279771,0.62,0.6932907348242812,0.5607235142118863,0.37850467289719625,0.32270916334661354,0.4576271186440678
164,80,support,argmin_all.csv,roberta-base,0.0031900399980293623,0.09790681195591022,195,0.4,0.4,2,60,0.4806576797385621,0.4959777503404911,0.4950546956916384,0.6243055555555556,0.7180511182108626,0.5522113022113022,0.3370098039215686,0.2739043824701195,0.43789808917197454,0.4806576797385621,0.4959777503404911,0.4950546956916384,0.6243055555555556,0.7180511182108626,0.5522113022113022,0.3370098039215686,0.2739043824701195,0.43789808917197454
165,80,support,argmin_all.csv,roberta-large,9.459854712736515e-06,3.374898593756433e-07,204,0.9,0.5,3,10,0.5269137750948112,0.5271199546860481,0.5275493670272301,0.592130892091936,0.6070287539936102,0.5779467680608364,0.46169665809768634,0.44721115537848605,0.4771519659936238,0.5269137750948112,0.5271199546860481,0.5275493670272301,0.592130892091936,0.6070287539936102,0.5779467680608364,0.46169665809768634,0.44721115537848605,0.4771519659936238
166,80,support,argmin_all.csv,xlm-roberta-base,2.6400755847984597e-06,9.942327875151394e-06,113,0.8,0.9,3,60,0.5066746045772208,0.5095305678245485,0.5101218337585968,0.5989544436146378,0.6405750798722045,0.5624123422159888,0.4143947655398037,0.3784860557768924,0.4578313253012048,0.5066746045772208,0.5095305678245485,0.5101218337585968,0.5989544436146378,0.6405750798722045,0.5624123422159888,0.4143947655398037,0.3784860557768924,0.4578313253012048
167,80,support,argmin_all.csv,xlm-roberta-large,5.84235533558444e-07,0.013197543531108214,220,1.0,0.8,2,90,0.49892793329362717,0.5054860430482543,0.506113561894495,0.6108695652173913,0.6733226837060703,0.5590185676392573,0.386986301369863,0.3376494023904382,0.4532085561497326,0.49892793329362717,0.5054860430482543,0.506113561894495,0.6108695652173913,0.6733226837060703,0.5590185676392573,0.386986301369863,0.3376494023904382,0.4532085561497326
168,80,support,perspectrum_all.csv,bert-base,0.3238147213792992,1.3954583116172732e-08,2,0.4,0.9,2,20,0.5332929012132706,0.5374960448862337,0.5400492543256474,0.45856590811507086,0.41013824884792627,0.5199610516066212,0.6080198943114702,0.6648538409245411,0.5601374570446735,0.5332929012132706,0.5374960448862337,0.5400492543256474,0.45856590811507086,0.41013824884792627,0.5199610516066212,0.6080198943114702,0.6648538409245411,0.5601374570446735
169,80,support,perspectrum_all.csv,bert-large,0.0003231222234871965,1.619450081387202e-05,61,0.7000000000000001,0.4,3,70,0.5281166043911929,0.5287629448393467,0.529249602840856,0.4801284624648735,0.4592933947772657,0.5029436501261564,0.5761047463175123,0.5982324949014276,0.5555555555555556,0.5281166043911929,0.5287629448393467,0.529249602840856,0.4801284624648735,0.4592933947772657,0.5029436501261564,0.5761047463175123,0.5982324949014276,0.5555555555555556
170,80,support,perspectrum_all.csv,distilbert,0.0024123749317005757,0.010697676076989496,43,1.0,0.7000000000000001,2,70,0.5078151463193384,0.5081791230559898,0.5082622353869458,0.4639746634996041,0.4500768049155146,0.47875816993464054,0.5516556291390728,0.566281441196465,0.5377663008392511,0.5078151463193384,0.5081791230559898,0.5082622353869458,0.4639746634996041,0.4500768049155146,0.47875816993464054,0.5516556291390728,0.566281441196465,0.5377663008392511
171,80,support,perspectrum_all.csv,all_lms,6.550668774555877e-08,2.2214484125708487e-05,8,0.6000000000000001,0.4,1,50,0.5829833998496153,0.5833093154807591,0.5848089377136734,0.5398230088495575,0.5153609831029186,0.566722972972973,0.6261437908496732,0.6512576478585996,0.6028949024543738,0.5829833998496153,0.5833093154807591,0.5848089377136734,0.5398230088495575,0.5153609831029186,0.566722972972973,0.6261437908496732,0.6512576478585996,0.6028949024543738
172,80,support,perspectrum_all.csv,roberta-base,0.0011064192015023014,1.821844745105455e-07,10,0.9,0.7000000000000001,3,100,0.5309243533231734,0.5309869457749987,0.5311435381389287,0.4947245017584994,0.4861751152073733,0.5035799522673031,0.5671242048878474,0.5757987763426241,0.5587071240105541,0.5309243533231734,0.5309869457749987,0.5311435381389287,0.4947245017584994,0.4861751152073733,0.5035799522673031,0.5671242048878474,0.5757987763426241,0.5587071240105541
173,80,support,perspectrum_all.csv,roberta-large,0.061137634050363744,6.922552899778571e-08,19,0.6000000000000001,0.7000000000000001,1,60,0.5481426989400411,0.5492144073699303,0.5505266684534977,0.4955102040816327,0.4662058371735791,0.5287456445993032,0.6007751937984496,0.6322229775662814,0.5723076923076923,0.5481426989400411,0.5492144073699303,0.5505266684534977,0.4955102040816327,0.4662058371735791,0.5287456445993032,0.6007751937984496,0.6322229775662814,0.5723076923076923
174,80,support,perspectrum_all.csv,xlm-roberta-base,0.03597388247798986,0.008539539763898369,103,0.4,0.6000000000000001,3,100,0.5196536858979612,0.5200136588483335,0.5202346375439074,0.47600158667195563,0.4608294930875576,0.4922067268252666,0.5633057851239669,0.5791978246091094,0.5482625482625483,0.5196536858979612,0.5200136588483335,0.5202346375439074,0.47600158667195563,0.4608294930875576,0.4922067268252666,0.5633057851239669,0.5791978246091094,0.5482625482625483
175,80,support,perspectrum_all.csv,xlm-roberta-large,4.69021766070169e-08,1.0361182405948848e-08,2,1.0,0.8,2,40,0.552585037625057,0.5534579964307382,0.5532699757856652,0.5420974889217134,0.5637480798771122,0.5220483641536273,0.5630725863284004,0.5431679129843644,0.584491587417703,0.552585037625057,0.5534579964307382,0.5532699757856652,0.5420974889217134,0.5637480798771122,0.5220483641536273,0.5630725863284004,0.5431679129843644,0.584491587417703
176,80,support,perspectrum_all.csv,roberta-base,0.0001299384684854677,5.793577662140812e-05,6,0.9,0.8,3,90,0.5270679445763355,0.5274604984644238,0.5277988320933311,0.48289578361177404,0.4662058371735791,0.5008250825082509,0.5712401055408971,0.5887151597552686,0.5547725816784113,0.5270679445763355,0.5274604984644238,0.5277988320933311,0.48289578361177404,0.4662058371735791,0.5008250825082509,0.5712401055408971,0.5887151597552686,0.5547725816784113
177,80,support,perspectrum_all.csv,roberta-large,9.685365230188096e-06,7.012767755954897e-07,5,0.5,0.8,2,50,0.5511916617145083,0.5584999180260249,0.5654036948740161,0.46346929627969524,0.3970814132104455,0.5565123789020452,0.6389140271493213,0.7199184228416043,0.574295010845987,0.5511916617145083,0.5584999180260249,0.5654036948740161,0.46346929627969524,0.3970814132104455,0.5565123789020452,0.6389140271493213,0.7199184228416043,0.574295010845987
178,80,support,perspectrum_all.csv,xlm-roberta-base,0.13875728396054934,1.8343037890370313e-06,71,0.4,0.6000000000000001,2,90,0.511782014348406,0.5121386749037458,0.5122641310368475,0.4681188118811881,0.4539170506912442,0.4832379394930499,0.5554452168156239,0.5703602991162474,0.5412903225806451,0.511782014348406,0.5121386749037458,0.5122641310368475,0.4681188118811881,0.4539170506912442,0.4832379394930499,0.5554452168156239,0.5703602991162474,0.5412903225806451
179,80,support,perspectrum_all.csv,xlm-roberta-large,1.996835884499861e-08,3.641060824247866e-07,199,1.0,0.5,3,20,0.5375828573810814,0.5378322948222731,0.5377124964737894,0.5180722891566265,0.5284178187403994,0.5081240768094535,0.5570934256055362,0.5472467709041469,0.5673009161381254,0.5375828573810814,0.5378322948222731,0.5377124964737894,0.5180722891566265,0.5284178187403994,0.5081240768094535,0.5570934256055362,0.5472467709041469,0.5673009161381254
